id_realizacao;tipo_dia;pv_unidades;pv_potencia_total_kw;bess_unidades;bess_potencia_total_kw;subtensao_manhã;sobretensao_manhã;subtensao_tarde;sobretensao_tarde;subtensao_noite;sobretensao_noite;subtensao_madrugada;sobretensao_madrugada;subtensao_bess_carga;sobretensao_bess_carga;subtensao_bess_pós_carga_pré_descarga;sobretensao_bess_pós_carga_pré_descarga;subtensao_bess_descarga;sobretensao_bess_descarga;subtensao_bess_fora_de_operacao;sobretensao_bess_fora_de_operacao;horas_com_erro_max_control;horas_com_voltvar_ativo;pen_pct
1;ceu_aberto;5;707,59;5;247,65999999999997;1;6;1;6;2;0;2;0;1;6;1;0;1;0;2;6;0;19;40
2;ceu_aberto;5;707,6;5;247,67000000000002;1;6;1;6;2;0;2;0;1;6;1;0;1;0;2;6;0;19;40
3;parcialmente_nublado;5;707,59;5;247,66;1;6;1;5;2;0;2;0;1;6;1;0;1;0;2;6;0;24;40
4;parcialmente_nublado;5;707,6;5;247,66000000000003;1;5;1;5;2;0;2;0;1;5;1;0;1;0;2;5;0;24;40
5;parcialmente_nublado;5;707,59;5;247,66;1;5;1;1;2;0;2;0;1;1;1;0;1;0;2;5;0;24;40
6;parcialmente_nublado;5;707,6;5;247,66;1;6;1;3;2;0;2;0;1;3;1;0;1;0;2;6;0;24;40
7;parcialmente_nublado;5;707,6;5;247,64999999999998;1;6;1;0;2;0;2;0;1;6;1;0;1;0;2;6;0;24;40
8;ceu_aberto;5;707,6;5;247,66;1;6;1;6;2;0;2;0;1;6;1;0;1;0;2;6;0;19;40
9;ceu_aberto;5;707,5999999999999;5;247,64999999999998;1;9;1;6;2;0;2;0;1;6;1;0;1;0;2;9;0;19;40
10;parcialmente_nublado;5;707,62;5;247,66000000000003;1;6;1;6;2;0;2;0;1;6;1;0;1;0;2;6;0;24;40
11;parcialmente_nublado;5;707,6;5;247,64999999999998;1;6;1;0;2;0;2;0;1;6;1;0;1;0;2;5;0;24;40
12;parcialmente_nublado;5;707,5999999999999;5;247,64999999999998;1;6;1;6;2;0;2;0;1;6;1;0;1;0;2;6;0;24;40
13;parcialmente_nublado;5;707,5999999999999;5;247,66;1;6;1;6;2;0;2;0;1;6;1;0;1;0;2;6;0;24;40
14;parcialmente_nublado;5;707,6;5;247,66;1;6;1;5;2;0;2;0;1;5;1;0;1;0;2;6;0;24;40
15;parcialmente_nublado;5;707,6;5;247,66000000000003;1;6;1;6;2;0;2;0;1;6;1;0;1;0;2;6;0;24;40
16;nublado;5;707,59;5;247,65999999999997;1;5;1;0;2;0;2;0;1;5;1;0;1;0;2;5;0;21;40
17;parcialmente_nublado;5;707,61;5;247,66000000000003;1;6;1;2;2;0;2;0;1;6;1;0;1;0;2;6;0;24;40
18;ceu_aberto;5;707,61;5;247,66000000000003;1;6;1;6;2;0;2;0;1;6;1;0;1;0;2;6;0;19;40
19;parcialmente_nublado;5;707,6;5;247,66000000000003;1;5;1;6;2;0;2;0;1;6;1;0;1;0;2;5;0;24;40
20;ceu_aberto;5;707,6;5;247,65999999999997;1;6;1;6;2;0;2;0;1;6;1;0;1;0;2;6;0;19;40
21;nublado;5;707,6;5;247,66000000000003;1;6;1;3;2;0;2;0;1;5;1;0;1;0;2;6;0;21;40
22;ceu_aberto;5;707,61;5;247,66;1;6;1;6;2;0;2;0;1;6;1;0;1;0;2;6;0;19;40
23;ceu_aberto;5;707,61;5;247,65999999999997;1;6;1;6;2;0;2;0;1;6;1;0;1;0;2;6;0;19;40
24;ceu_aberto;5;707,6;5;247,66000000000003;1;6;1;6;2;0;2;0;1;6;1;2;1;0;2;6;0;19;40
25;ceu_aberto;5;707,59;5;247,67000000000002;1;6;1;6;2;0;2;0;1;6;1;0;1;0;2;6;0;19;40
26;nublado;5;707,61;5;247,67000000000002;1;6;1;0;2;0;2;0;1;0;1;0;1;0;2;6;0;21;40
27;parcialmente_nublado;5;707,6;5;247,65;1;6;1;6;2;0;2;0;1;6;1;0;1;0;2;6;0;24;40
28;parcialmente_nublado;5;707,6;5;247,67;1;6;1;5;2;0;2;0;1;5;1;0;1;0;2;6;0;24;40
29;nublado;5;707,61;5;247,66;1;1;1;1;2;0;2;0;1;0;1;1;1;0;2;1;0;21;40
30;parcialmente_nublado;5;707,6;5;247,66000000000003;1;0;1;6;2;0;2;0;1;6;1;0;1;0;2;0;0;24;40
31;parcialmente_nublado;5;707,59;5;247,66;1;6;1;6;2;0;2;0;1;6;1;0;1;0;2;6;0;24;40
32;ceu_aberto;5;707,6;5;247,67;1;6;1;6;2;0;2;0;1;6;1;0;1;0;2;6;0;19;40
33;parcialmente_nublado;5;707,6;5;247,66;1;6;1;5;2;0;2;2;1;6;1;0;1;0;2;8;0;24;40
34;ceu_aberto;5;707,6;5;247,64999999999998;1;6;1;6;2;0;2;0;1;6;1;5;1;0;2;6;0;19;40
35;ceu_aberto;5;707,61;5;247,66;1;6;1;6;2;0;2;0;1;6;1;0;1;0;2;6;0;19;40
36;nublado;5;707,6;5;247,64999999999998;1;6;1;0;2;0;2;0;1;0;1;0;1;0;2;6;0;21;40
37;ceu_aberto;5;707,59;5;247,66;1;6;1;6;2;0;2;0;1;6;1;0;1;0;2;6;0;19;40
38;parcialmente_nublado;5;707,6;5;247,64000000000001;1;6;1;6;2;0;2;0;1;6;1;0;1;0;2;6;0;24;40
39;parcialmente_nublado;5;707,61;5;247,66;1;6;1;6;2;0;2;0;1;6;1;0;1;0;2;4;0;24;40
40;nublado;5;707,61;5;247,65;1;6;1;0;2;0;2;0;1;0;1;0;1;0;2;6;0;21;40
41;ceu_aberto;5;707,6;5;247,66;1;6;1;6;2;0;2;0;1;6;1;0;1;0;2;6;0;19;40
42;ceu_aberto;5;707,6;5;247,66000000000003;1;6;1;6;2;0;2;0;1;6;1;0;1;0;2;6;0;19;40
43;nublado;5;707,6;5;247,64999999999998;1;6;1;0;2;0;2;0;1;0;1;0;1;0;2;6;0;21;40
44;parcialmente_nublado;5;707,61;5;247,65999999999997;1;6;1;5;2;0;2;0;1;6;1;0;1;0;2;6;0;24;40
45;ceu_aberto;5;707,59;5;247,66;1;6;1;6;2;0;2;0;1;6;1;3;1;0;2;6;0;19;40
46;ceu_aberto;5;707,6;5;247,67;1;6;1;6;2;0;2;0;1;6;1;0;1;0;2;6;0;19;40
47;ceu_aberto;5;707,6;5;247,66;1;6;1;5;2;0;2;0;1;6;1;3;1;0;2;6;0;19;40
48;ceu_aberto;5;707,6;5;247,66000000000003;1;6;1;6;2;0;2;0;1;6;1;0;1;0;2;6;0;19;40
49;parcialmente_nublado;5;707,6;5;247,67000000000002;1;6;1;5;2;0;2;0;1;5;1;0;1;0;2;6;0;24;40
50;parcialmente_nublado;5;707,6;5;247,65;1;6;1;6;2;0;2;0;1;6;1;0;1;0;2;6;0;24;40
51;ceu_aberto;5;707,6;5;247,66;1;6;1;6;2;0;2;0;1;6;1;0;1;0;2;6;0;19;40
52;ceu_aberto;5;707,6;5;247,67000000000002;1;6;1;6;2;0;2;0;1;6;1;0;1;0;2;6;0;19;40
53;ceu_aberto;5;707,6;5;247,66000000000003;1;6;1;6;2;0;2;0;1;6;1;3;1;0;2;6;0;19;40
54;parcialmente_nublado;5;707,6;5;247,65;1;6;1;6;2;0;2;0;1;6;1;0;1;0;2;6;0;24;40
55;ceu_aberto;5;707,61;5;247,66;1;6;1;6;2;0;2;0;1;6;1;5;1;0;2;6;0;19;40
56;parcialmente_nublado;5;707,6;5;247,67000000000002;1;6;1;6;2;0;2;0;1;6;1;0;1;0;2;6;0;24;40
57;ceu_aberto;5;707,6;5;247,66;1;6;1;6;2;0;2;0;1;6;1;3;1;0;2;6;0;19;40
58;ceu_aberto;5;707,6;5;247,67000000000002;1;6;1;6;2;0;2;0;1;6;1;3;1;0;2;6;0;19;40
59;ceu_aberto;5;707,6;5;247,66;1;6;1;6;2;0;2;0;1;6;1;0;1;0;2;6;0;19;40
60;nublado;5;707,6;5;247,66000000000003;1;0;1;0;2;0;2;0;1;0;1;0;1;0;2;0;0;21;40
61;ceu_aberto;5;707,59;5;247,66000000000003;1;6;1;6;2;0;2;0;1;6;1;0;1;0;2;6;0;19;40
62;parcialmente_nublado;5;707,59;5;247,65;1;6;1;0;2;0;2;0;1;6;1;0;1;0;2;6;0;24;40
63;parcialmente_nublado;5;707,59;5;247,67;1;6;1;6;2;0;2;0;1;6;1;0;1;0;2;6;0;24;40
64;ceu_aberto;5;707,6;5;247,65;1;7;1;6;2;0;2;0;1;6;1;4;1;0;2;7;0;19;40
65;parcialmente_nublado;5;707,6;5;247,66000000000003;1;6;1;6;2;0;2;0;1;6;1;0;1;0;2;6;0;24;40
66;parcialmente_nublado;5;707,6;5;247,66000000000003;1;6;1;0;2;0;2;0;1;5;1;0;1;0;2;6;0;24;40
67;ceu_aberto;5;707,6;5;247,65;1;7;1;6;2;0;2;0;1;6;1;0;1;0;2;7;0;19;40
68;parcialmente_nublado;5;707,59;5;247,66000000000003;1;6;1;6;2;0;2;0;1;6;1;0;1;0;2;6;0;24;40
69;parcialmente_nublado;5;707,6;5;247,67000000000002;1;6;1;6;2;0;2;0;1;6;1;0;1;0;2;6;0;24;40
70;ceu_aberto;5;707,6;5;247,66;1;6;1;6;2;0;2;0;1;6;1;3;1;0;2;6;0;19;40
71;ceu_aberto;5;707,6;5;247,66000000000003;1;6;1;6;2;0;2;0;1;6;1;0;1;0;2;6;0;19;40
72;ceu_aberto;5;707,6;5;247,65999999999997;1;6;1;6;2;0;2;0;1;6;1;0;1;0;2;6;0;19;40
73;ceu_aberto;5;707,6;5;247,65;1;6;1;6;2;0;2;0;1;6;1;5;1;0;2;6;0;19;40
74;parcialmente_nublado;5;707,5899999999999;5;247,66;1;6;1;6;2;0;2;0;1;6;1;0;1;0;2;6;0;24;40
75;ceu_aberto;5;707,6;5;247,66;1;6;1;6;2;0;2;0;1;6;1;0;1;0;2;6;0;19;40
76;ceu_aberto;5;707,59;5;247,64999999999998;1;6;1;6;2;0;2;0;1;6;1;0;1;0;2;6;0;19;40
77;parcialmente_nublado;5;707,6;5;247,67000000000002;1;6;1;0;2;0;2;0;1;6;1;0;1;0;2;6;0;24;40
78;ceu_aberto;5;707,6;5;247,66;1;6;1;6;2;0;2;0;1;6;1;5;1;0;2;6;0;19;40
79;nublado;5;707,61;5;247,65999999999997;1;6;1;0;2;0;2;0;1;6;1;0;1;0;2;0;0;21;40
80;parcialmente_nublado;5;707,6;5;247,65999999999997;1;6;1;6;2;0;2;0;1;6;1;0;1;0;2;6;0;24;40
81;ceu_aberto;5;707,6;5;247,65;1;6;1;6;2;0;2;0;1;6;1;0;1;0;2;6;0;19;40
82;parcialmente_nublado;5;707,6;5;247,66;1;6;1;6;2;0;2;0;1;6;1;0;1;0;2;6;0;24;40
83;ceu_aberto;5;707,59;5;247,67000000000002;1;6;1;6;2;0;2;0;1;6;1;0;1;0;2;6;0;19;40
84;parcialmente_nublado;5;707,59;5;247,66000000000003;1;6;1;6;2;0;2;0;1;6;1;0;1;0;2;6;0;24;40
85;parcialmente_nublado;5;707,6;5;247,65;1;6;1;3;2;0;2;0;1;3;1;0;1;0;2;6;0;24;40
86;ceu_aberto;5;707,61;5;247,65999999999997;1;6;1;6;2;0;2;0;1;6;1;5;1;0;2;6;0;19;40
87;ceu_aberto;5;707,6;5;247,67000000000002;1;6;1;6;2;0;2;0;1;6;1;2;1;0;2;6;0;19;40
88;parcialmente_nublado;5;707,6;5;247,66000000000003;1;6;1;5;2;0;2;0;1;5;1;0;1;0;2;6;0;24;40
89;parcialmente_nublado;5;707,6;5;247,66;1;6;1;6;2;0;2;0;1;6;1;0;1;0;2;5;0;24;40
90;parcialmente_nublado;5;707,6;5;247,66000000000003;1;6;1;0;2;0;2;0;1;6;1;0;1;0;2;6;0;24;40
91;ceu_aberto;5;707,5999999999999;5;247,66;1;6;1;6;2;0;2;0;1;6;1;2;1;0;2;6;0;19;40
92;parcialmente_nublado;5;707,59;5;247,66;1;6;1;6;2;0;2;0;1;6;1;0;1;0;2;6;0;24;40
93;ceu_aberto;5;707,61;5;247,66;1;6;1;6;2;0;2;0;1;6;1;0;1;0;2;6;0;19;40
94;ceu_aberto;5;707,5999999999999;5;247,66;1;6;1;6;2;0;2;0;1;6;1;5;1;0;2;6;0;19;40
95;ceu_aberto;5;707,6;5;247,64999999999998;1;6;1;6;2;0;2;0;1;6;1;0;1;0;2;6;0;19;40
96;ceu_aberto;5;707,6;5;247,67000000000002;1;6;1;6;2;0;2;0;1;6;1;0;1;0;2;6;0;19;40
97;parcialmente_nublado;5;707,61;5;247,65;1;6;1;2;2;0;2;0;1;6;1;0;1;0;2;5;0;24;40
98;parcialmente_nublado;5;707,6;5;247,65;1;6;1;6;2;0;2;0;1;6;1;0;1;0;2;6;0;24;40
99;ceu_aberto;5;707,5899999999999;5;247,67000000000002;1;6;1;6;2;0;2;0;1;6;1;0;1;0;2;6;0;19;40
100;nublado;5;707,6;5;247,64999999999998;1;5;1;3;2;0;2;0;1;5;1;0;1;0;2;4;0;21;40
101;parcialmente_nublado;5;707,6;5;247,67000000000002;1;6;1;6;2;0;2;0;1;6;1;0;1;0;2;6;0;24;40
102;ceu_aberto;5;707,5899999999999;5;247,66;1;6;1;6;2;0;2;0;1;6;1;0;1;0;2;6;0;19;40
103;parcialmente_nublado;5;707,6;5;247,64999999999998;1;6;1;6;2;0;2;0;1;6;1;0;1;0;2;6;0;24;40
104;ceu_aberto;5;707,6;5;247,67000000000002;1;6;1;6;2;0;2;0;1;6;1;0;1;0;2;6;0;19;40
105;ceu_aberto;5;707,6;5;247,65999999999997;1;6;1;6;2;0;2;0;1;6;1;3;1;0;2;6;0;19;40
106;nublado;5;707,59;5;247,67;1;5;1;0;2;0;2;0;1;0;1;0;1;0;2;5;0;21;40
107;ceu_aberto;5;707,61;5;247,66;1;6;1;6;2;0;2;0;1;6;1;5;1;0;2;6;0;19;40
108;ceu_aberto;5;707,5999999999999;5;247,65;1;6;1;6;2;0;2;0;1;6;1;3;1;0;2;6;0;19;40
109;ceu_aberto;5;707,5899999999999;5;247,67;1;6;1;6;2;0;2;0;1;6;1;5;1;0;2;6;0;19;40
110;ceu_aberto;5;707,6;5;247,65;1;6;1;6;2;0;2;0;1;6;1;0;1;0;2;6;0;19;40
111;ceu_aberto;5;707,6;5;247,65;1;6;1;6;2;0;2;0;1;6;1;5;1;0;2;6;0;19;40
112;nublado;5;707,6;5;247,65;1;5;1;0;2;0;2;0;1;0;1;0;1;0;2;5;0;21;40
113;parcialmente_nublado;5;707,59;5;247,67;1;6;1;6;2;0;2;0;1;6;1;0;1;0;2;6;0;24;40
114;ceu_aberto;5;707,6;5;247,67;1;6;1;6;2;0;2;0;1;6;1;0;1;0;2;6;0;19;40
115;ceu_aberto;5;707,6;5;247,66000000000003;1;6;1;6;2;0;2;0;1;6;1;0;1;0;2;6;0;19;40
116;ceu_aberto;5;707,5999999999999;5;247,66000000000003;1;6;1;6;2;0;2;0;1;6;1;0;1;0;2;6;0;19;40
117;nublado;5;707,59;5;247,66999999999996;1;2;1;4;2;0;2;0;1;4;1;0;1;0;2;2;0;21;40
118;ceu_aberto;5;707,59;5;247,65999999999997;1;6;1;6;2;0;2;0;1;6;1;5;1;0;2;6;0;19;40
119;ceu_aberto;5;707,5999999999999;5;247,66;1;6;1;6;2;0;2;0;1;6;1;0;1;0;2;6;0;19;40
120;ceu_aberto;5;707,6;5;247,66;1;6;1;6;2;0;2;0;1;6;1;0;1;0;2;6;0;19;40
121;nublado;5;707,6;5;247,66000000000003;1;0;1;3;2;0;2;0;1;3;1;0;1;0;2;0;0;21;40
122;parcialmente_nublado;5;707,61;5;247,64;1;6;1;5;2;0;2;0;1;5;1;0;1;0;2;6;0;24;40
123;ceu_aberto;5;707,6;5;247,67;1;6;1;6;2;0;2;0;1;6;1;0;1;0;2;6;0;19;40
124;parcialmente_nublado;5;707,61;5;247,65999999999997;1;6;1;5;2;0;2;0;1;6;1;0;1;0;2;0;0;24;40
125;parcialmente_nublado;5;707,6;5;247,67000000000002;1;6;1;5;2;0;2;0;1;6;1;0;1;0;2;5;0;24;40
126;parcialmente_nublado;5;707,6;5;247,66;1;6;1;0;2;0;2;0;1;6;1;0;1;0;2;6;0;24;40
127;ceu_aberto;5;707,6;5;247,66;1;6;1;6;2;0;2;0;1;6;1;3;1;0;2;6;0;19;40
128;parcialmente_nublado;5;707,61;5;247,66;1;6;1;0;2;0;2;0;1;1;1;0;1;0;2;6;0;24;40
129;parcialmente_nublado;5;707,6;5;247,66;1;6;1;6;2;0;2;0;1;6;1;0;1;0;2;6;0;24;40
130;parcialmente_nublado;5;707,61;5;247,64999999999998;1;6;1;0;2;0;2;0;1;5;1;0;1;0;2;6;0;24;40
131;ceu_aberto;5;707,61;5;247,66000000000003;1;6;1;6;2;0;2;0;1;6;1;0;1;0;2;6;0;19;40
132;nublado;5;707,6;5;247,66;1;0;1;0;2;0;2;0;1;0;1;0;1;0;2;0;0;21;40
133;ceu_aberto;5;707,61;5;247,66000000000003;1;6;1;6;2;0;2;0;1;6;1;0;1;0;2;6;0;19;40
134;ceu_aberto;5;707,6;5;247,65999999999997;1;7;1;6;2;0;2;0;1;6;1;0;1;0;2;7;0;19;40
135;ceu_aberto;5;707,6;5;247,66;1;6;1;6;2;0;2;0;1;6;1;0;1;0;2;6;0;19;40
136;parcialmente_nublado;5;707,6;5;247,65;1;6;1;6;2;0;2;0;1;6;1;0;1;0;2;6;0;24;40
137;parcialmente_nublado;5;707,6;5;247,66000000000003;1;6;1;6;2;0;2;0;1;6;1;0;1;0;2;4;0;24;40
138;ceu_aberto;5;707,5899999999999;5;247,66000000000003;1;6;1;6;2;0;2;0;1;6;1;0;1;0;2;6;0;19;40
139;ceu_aberto;5;707,6;5;247,66000000000003;1;6;1;6;2;0;2;0;1;6;1;0;1;0;2;6;0;19;40
140;parcialmente_nublado;5;707,6;5;247,66;1;5;1;6;2;0;2;0;1;6;1;0;1;0;2;5;0;24;40
141;nublado;5;707,61;5;247,66;1;6;1;4;2;0;2;0;1;6;1;0;1;0;2;1;0;21;40
142;parcialmente_nublado;5;707,6;5;247,67000000000002;1;6;1;5;2;0;2;0;1;6;1;0;1;0;2;6;0;24;40
143;ceu_aberto;5;707,6;5;247,66;1;6;1;6;2;0;2;0;1;6;1;0;1;0;2;6;0;19;40
144;ceu_aberto;5;707,6;5;247,67000000000002;1;6;1;6;2;0;2;0;1;6;1;0;1;0;2;6;0;19;40
145;ceu_aberto;5;707,6;5;247,66000000000003;1;6;1;6;2;0;2;0;1;6;1;3;1;0;2;6;0;19;40
146;ceu_aberto;5;707,6;5;247,66000000000003;1;6;1;6;2;0;2;0;1;6;1;4;1;0;2;6;0;19;40
147;nublado;5;707,59;5;247,64999999999998;1;5;1;0;2;0;2;0;1;0;1;0;1;0;2;5;0;21;40
148;parcialmente_nublado;5;707,59;5;247,67000000000002;1;5;1;0;2;0;2;0;1;5;1;0;1;0;2;5;0;24;40
149;ceu_aberto;5;707,6;5;247,66;1;6;1;6;2;0;2;0;1;6;1;0;1;0;2;6;0;19;40
150;ceu_aberto;5;707,6;5;247,66000000000003;1;6;1;6;2;0;2;0;1;6;1;2;1;0;2;6;0;19;40
151;parcialmente_nublado;5;707,6;5;247,66;1;6;1;5;2;0;2;0;1;6;1;0;1;0;2;6;0;24;40
152;ceu_aberto;5;707,6;5;247,65000000000003;1;6;1;6;2;0;2;0;1;6;1;0;1;0;2;6;0;19;40
153;nublado;5;707,59;5;247,66;1;5;1;3;2;0;2;0;1;5;1;0;1;0;2;4;0;21;40
154;ceu_aberto;5;707,61;5;247,66;1;6;1;6;2;0;2;0;1;6;1;0;1;0;2;6;0;19;40
155;parcialmente_nublado;5;707,61;5;247,67000000000002;1;6;1;0;2;0;2;0;1;6;1;0;1;0;2;6;0;24;40
156;parcialmente_nublado;5;707,61;5;247,66;1;6;1;6;2;0;2;0;1;6;1;0;1;0;2;6;0;24;40
157;ceu_aberto;5;707,61;5;247,65;1;6;1;6;2;0;2;0;1;6;1;1;1;0;2;6;0;19;40
158;nublado;5;707,61;5;247,64999999999998;1;4;1;0;2;0;2;0;1;2;1;0;1;0;2;4;0;21;40
159;ceu_aberto;5;707,61;5;247,65999999999997;1;6;1;6;2;0;2;0;1;6;1;0;1;0;2;6;0;19;40
160;nublado;5;707,6;5;247,65;1;5;1;0;2;0;2;0;1;0;1;0;1;0;2;5;0;21;40
161;ceu_aberto;5;707,6;5;247,66;1;6;1;6;2;0;2;0;1;6;1;0;1;0;2;6;0;19;40
162;ceu_aberto;5;707,59;5;247,66000000000003;1;6;1;6;2;0;2;0;1;6;1;4;1;0;2;6;0;19;40
163;parcialmente_nublado;5;707,59;5;247,66000000000003;1;6;1;4;2;0;2;0;1;4;1;0;1;0;2;6;0;24;40
164;ceu_aberto;5;707,61;5;247,66;1;6;1;6;2;0;2;0;1;6;1;3;1;0;2;6;0;19;40
165;parcialmente_nublado;5;707,6;5;247,67000000000002;1;6;1;5;2;0;2;0;1;5;1;0;1;0;2;6;0;24;40
166;parcialmente_nublado;5;707,6;5;247,66;1;6;1;0;2;0;2;2;1;0;1;0;1;0;2;8;0;24;40
167;parcialmente_nublado;5;707,59;5;247,65999999999997;1;6;1;6;2;0;2;0;1;6;1;0;1;0;2;4;0;24;40
168;ceu_aberto;5;707,6;5;247,66;1;6;1;6;2;0;2;0;1;6;1;0;1;0;2;6;0;19;40
169;parcialmente_nublado;5;707,5999999999999;5;247,66;1;6;1;6;2;0;2;0;1;6;1;0;1;0;2;6;0;24;40
170;ceu_aberto;5;707,61;5;247,66000000000003;1;6;1;6;2;0;2;0;1;6;1;5;1;0;2;6;0;19;40
171;ceu_aberto;5;707,6;5;247,66000000000003;1;6;1;6;2;0;2;0;1;6;1;3;1;0;2;6;0;19;40
172;ceu_aberto;5;707,6;5;247,66;1;6;1;6;2;0;2;0;1;6;1;5;1;0;2;6;0;19;40
173;nublado;5;707,61;5;247,66;1;5;1;5;2;0;2;0;1;0;1;5;1;0;2;5;0;21;40
174;ceu_aberto;5;707,61;5;247,67;1;6;1;6;2;0;2;0;1;6;1;0;1;0;2;6;0;19;40
175;nublado;5;707,61;5;247,66;1;5;1;0;2;0;2;0;1;0;1;0;1;0;2;5;0;21;40
176;parcialmente_nublado;5;707,61;5;247,66;1;6;1;0;2;0;2;0;1;6;1;0;1;0;2;1;0;24;40
177;parcialmente_nublado;5;707,6;5;247,65999999999997;1;6;1;0;2;0;2;0;1;5;1;0;1;0;2;6;0;24;40
178;ceu_aberto;5;707,59;5;247,66;1;6;1;6;2;0;2;0;1;6;1;0;1;0;2;6;0;19;40
179;parcialmente_nublado;5;707,6;5;247,66;1;6;1;5;2;0;2;0;1;5;1;0;1;0;2;6;0;24;40
180;parcialmente_nublado;5;707,61;5;247,66;1;6;1;6;2;0;2;0;1;6;1;0;1;0;2;6;0;24;40
181;ceu_aberto;5;707,6;5;247,66;1;6;1;6;2;0;2;0;1;6;1;2;1;0;2;6;0;19;40
182;parcialmente_nublado;5;707,6;5;247,65;1;6;1;6;2;0;2;0;1;6;1;0;1;0;2;6;0;24;40
183;ceu_aberto;5;707,6;5;247,66;1;6;1;6;2;0;2;0;1;6;1;5;1;0;2;6;0;19;40
184;nublado;5;707,6;5;247,65999999999997;1;0;1;0;2;0;2;0;1;0;1;0;1;0;2;0;0;21;40
185;nublado;5;707,59;5;247,64999999999998;1;0;1;0;2;0;2;0;1;0;1;0;1;0;2;0;0;21;40
186;parcialmente_nublado;5;707,61;5;247,66000000000003;1;6;1;0;2;0;2;0;1;0;1;0;1;0;2;6;0;24;40
187;ceu_aberto;5;707,6;5;247,66;1;6;1;6;2;0;2;0;1;6;1;1;1;0;2;6;0;19;40
188;parcialmente_nublado;5;707,61;5;247,66;1;6;1;5;2;0;2;0;1;6;1;0;1;0;2;5;0;24;40
189;parcialmente_nublado;5;707,61;5;247,67;1;6;1;4;2;0;2;0;1;4;1;0;1;0;2;6;0;24;40
190;parcialmente_nublado;5;707,5899999999999;5;247,65000000000003;1;6;1;6;2;0;2;0;1;6;1;0;1;0;2;5;0;24;40
191;parcialmente_nublado;5;707,61;5;247,67000000000002;1;6;1;3;2;0;2;0;1;6;1;0;1;0;2;6;0;24;40
192;parcialmente_nublado;5;707,5899999999999;5;247,64999999999998;1;6;1;6;2;0;2;0;1;6;1;0;1;0;2;6;0;24;40
193;parcialmente_nublado;5;707,61;5;247,67000000000002;1;6;1;6;2;0;2;0;1;6;1;0;1;0;2;6;0;24;40
194;ceu_aberto;5;707,6;5;247,66;1;6;1;6;2;0;2;0;1;6;1;0;1;0;2;6;0;19;40
195;ceu_aberto;5;707,6;5;247,66000000000003;1;6;1;6;2;0;2;0;1;6;1;0;1;0;2;6;0;19;40
196;parcialmente_nublado;5;707,6;5;247,67000000000002;1;6;1;5;2;0;2;0;1;6;1;0;1;0;2;2;0;24;40
197;nublado;5;707,5999999999999;5;247,67000000000002;1;5;1;0;2;0;2;0;1;0;1;0;1;0;2;5;0;21;40
198;ceu_aberto;5;707,6;5;247,66;1;6;1;6;2;0;2;0;1;6;1;0;1;0;2;6;0;19;40
199;ceu_aberto;5;707,6;5;247,67;1;6;1;6;2;0;2;0;1;6;1;3;1;0;2;6;0;19;40
200;parcialmente_nublado;5;707,59;5;247,67000000000002;1;6;1;6;2;0;2;0;1;6;1;0;1;0;2;6;0;24;40
201;ceu_aberto;5;707,61;5;247,64999999999998;1;6;1;6;2;0;2;0;1;6;1;1;1;0;2;6;0;19;40
202;parcialmente_nublado;5;707,6;5;247,67;1;6;1;6;2;0;2;0;1;6;1;0;1;0;2;6;0;24;40
203;nublado;5;707,61;5;247,66000000000003;1;5;1;5;2;0;2;0;1;5;1;0;1;0;2;5;0;21;40
204;nublado;5;707,59;5;247,65999999999997;1;0;1;0;2;0;2;0;1;0;1;0;1;0;2;0;0;21;40
205;nublado;5;707,6;5;247,66;1;6;1;0;2;0;2;0;1;0;1;0;1;0;2;6;0;21;40
206;parcialmente_nublado;5;707,6;5;247,65000000000003;1;6;1;6;2;0;2;0;1;6;1;0;1;0;2;6;0;24;40
207;nublado;5;707,59;5;247,67000000000002;1;0;1;0;2;0;2;0;1;0;1;0;1;0;2;0;0;21;40
208;nublado;5;707,6;5;247,67;1;6;1;0;2;0;2;0;1;0;1;0;1;0;2;6;0;21;40
209;parcialmente_nublado;5;707,6;5;247,66;1;6;1;6;2;0;2;0;1;6;1;0;1;0;2;6;0;24;40
210;nublado;5;707,59;5;247,65999999999997;1;6;1;0;2;0;2;0;1;0;1;0;1;0;2;6;0;21;40
211;ceu_aberto;5;707,6;5;247,66000000000003;1;6;1;6;2;0;2;0;1;6;1;0;1;0;2;6;0;19;40
212;ceu_aberto;5;707,6;5;247,66;1;6;1;6;2;0;2;0;1;6;1;0;1;0;2;6;0;19;40
213;parcialmente_nublado;5;707,61;5;247,66000000000003;1;5;1;6;2;0;2;0;1;6;1;0;1;0;2;0;0;24;40
214;ceu_aberto;5;707,6;5;247,66000000000003;1;6;1;5;2;0;2;0;1;6;1;0;1;0;2;6;0;19;40
215;parcialmente_nublado;5;707,6;5;247,67;1;6;1;6;2;0;2;0;1;6;1;0;1;0;2;6;0;24;40
216;ceu_aberto;5;707,6;5;247,65;1;6;1;6;2;0;2;0;1;6;1;0;1;0;2;6;0;19;40
217;nublado;5;707,6;5;247,66000000000003;1;6;1;0;2;0;2;0;1;0;1;0;1;0;2;6;0;21;40
218;ceu_aberto;5;707,61;5;247,65;1;8;1;6;2;0;2;0;1;6;1;0;1;0;2;8;0;19;40
219;ceu_aberto;5;707,61;5;247,65999999999997;1;6;1;5;2;0;2;0;1;6;1;0;1;0;2;6;0;19;40
220;parcialmente_nublado;5;707,6;5;247,66000000000003;1;4;1;6;2;0;2;0;1;6;1;0;1;0;2;4;0;24;40
221;ceu_aberto;5;707,59;5;247,66;1;6;1;6;2;0;2;0;1;6;1;0;1;0;2;6;0;19;40
222;ceu_aberto;5;707,6;5;247,66;1;6;1;6;2;0;2;0;1;6;1;0;1;0;2;6;0;19;40
223;nublado;5;707,6;5;247,66000000000003;1;5;2;5;2;0;2;0;2;5;1;0;1;0;2;5;0;21;40
224;ceu_aberto;5;707,6;5;247,66000000000003;1;6;1;6;2;0;2;0;1;6;1;0;1;0;2;6;0;19;40
225;parcialmente_nublado;5;707,61;5;247,67000000000002;1;6;1;6;2;0;2;0;1;6;1;0;1;0;2;6;0;24;40
226;ceu_aberto;5;707,6;5;247,65999999999997;1;6;1;6;2;0;2;0;1;6;1;3;1;0;2;6;0;19;40
227;ceu_aberto;5;707,59;5;247,65;1;6;1;6;2;0;2;0;1;6;1;4;1;0;2;6;0;19;40
228;parcialmente_nublado;5;707,6;5;247,67000000000002;1;6;1;6;2;0;2;0;1;6;1;0;1;0;2;6;0;24;40
229;ceu_aberto;5;707,6099999999999;5;247,66;1;6;1;6;2;0;2;0;1;6;1;0;1;0;2;6;0;19;40
230;ceu_aberto;5;707,6;5;247,66000000000003;1;6;1;6;2;0;2;0;1;6;1;0;1;0;2;6;0;19;40
231;parcialmente_nublado;5;707,61;5;247,65;1;6;1;0;2;0;2;0;1;3;1;0;1;0;2;6;0;24;40
232;ceu_aberto;5;707,59;5;247,66000000000003;1;6;1;6;2;0;2;0;1;6;1;0;1;0;2;6;0;19;40
233;ceu_aberto;5;707,6;5;247,64999999999998;1;6;1;6;2;0;2;0;1;6;1;4;1;0;2;6;0;19;40
234;nublado;5;707,6;5;247,66000000000003;1;6;1;0;2;0;2;0;1;0;1;0;1;0;2;6;0;21;40
235;parcialmente_nublado;5;707,59;5;247,66;1;6;1;6;2;0;2;0;1;6;1;0;1;0;2;6;0;24;40
236;ceu_aberto;5;707,6;5;247,66;1;6;1;6;2;0;2;0;1;6;1;0;1;0;2;6;0;19;40
237;nublado;5;707,59;5;247,66;1;6;1;0;2;0;2;0;1;0;1;0;1;0;2;6;0;21;40
238;parcialmente_nublado;5;707,6;5;247,64999999999998;1;6;1;6;2;0;2;0;1;6;1;0;1;0;2;6;0;24;40
239;ceu_aberto;5;707,6;5;247,65999999999997;1;6;1;6;2;0;2;0;1;6;1;0;1;0;2;6;0;19;40
240;ceu_aberto;5;707,6;5;247,66000000000003;1;6;1;6;2;0;2;0;1;6;1;3;1;0;2;6;0;19;40
241;ceu_aberto;5;707,5999999999999;5;247,65;1;7;1;6;2;0;2;0;1;6;1;0;1;0;2;7;0;19;40
242;parcialmente_nublado;5;707,59;5;247,65;1;6;1;0;2;0;2;0;1;6;1;0;1;0;2;6;0;24;40
243;nublado;5;707,6;5;247,65;1;6;1;0;2;0;2;0;1;0;1;0;1;0;2;6;0;21;40
244;parcialmente_nublado;5;707,6;5;247,65999999999997;1;6;1;6;2;0;2;0;1;6;1;0;1;0;2;6;0;24;40
245;nublado;5;707,6;5;247,66;1;5;1;0;2;0;2;0;1;2;1;0;1;0;2;5;0;21;40
246;parcialmente_nublado;5;707,6;5;247,66;1;6;1;6;2;0;2;0;1;6;1;0;1;0;2;6;0;24;40
247;ceu_aberto;5;707,5999999999999;5;247,65000000000003;1;6;1;6;2;0;2;0;1;6;1;2;1;0;2;6;0;19;40
248;ceu_aberto;5;707,6;5;247,66000000000003;1;7;1;6;2;0;2;0;1;6;1;0;1;0;2;7;0;19;40
249;nublado;5;707,6;5;247,66000000000003;1;4;1;0;2;0;2;0;1;0;1;0;1;0;2;4;0;21;40
250;ceu_aberto;5;707,61;5;247,66;1;7;1;6;2;0;2;0;1;6;1;4;1;0;2;7;0;19;40
251;ceu_aberto;5;707,6;5;247,67000000000002;1;6;1;6;2;0;2;0;1;6;1;4;1;0;2;6;0;19;40
252;ceu_aberto;5;707,5999999999999;5;247,66000000000003;1;6;1;6;2;0;2;0;1;6;1;4;1;0;2;6;0;19;40
253;parcialmente_nublado;5;707,59;5;247,65999999999997;1;6;1;6;2;0;2;0;1;6;1;0;1;0;2;6;0;24;40
254;nublado;5;707,6;5;247,65999999999997;1;5;1;0;2;0;2;0;1;0;1;0;1;0;2;5;0;21;40
255;ceu_aberto;5;707,6;5;247,66000000000003;1;6;1;6;2;0;2;0;1;6;1;2;1;0;2;6;0;19;40
256;parcialmente_nublado;5;707,6;5;247,67;1;6;1;6;2;0;2;0;1;6;1;0;1;0;2;6;0;24;40
257;parcialmente_nublado;5;707,6;5;247,65999999999997;1;6;1;6;2;0;2;0;1;6;1;0;1;0;2;6;0;24;40
258;ceu_aberto;5;707,6;5;247,67999999999998;1;6;1;6;2;0;2;0;1;6;1;2;1;0;2;6;0;19;40
259;nublado;5;707,6;5;247,67000000000002;1;1;1;0;2;0;2;0;1;1;1;0;1;0;2;0;0;21;40
260;nublado;5;707,6;5;247,64999999999998;1;6;1;0;2;0;2;0;1;0;1;0;1;0;2;6;0;21;40
261;parcialmente_nublado;5;707,6;5;247,65999999999997;1;6;1;0;2;0;2;0;1;6;1;0;1;0;2;6;0;24;40
262;ceu_aberto;5;707,59;5;247,65;1;6;1;6;2;0;2;0;1;6;1;0;1;0;2;6;0;19;40
263;ceu_aberto;5;707,61;5;247,66000000000003;1;6;1;6;2;0;2;0;1;6;1;4;1;0;2;6;0;19;40
264;ceu_aberto;5;707,6;5;247,66000000000003;1;6;1;6;2;0;2;0;1;6;1;0;1;0;2;6;0;19;40
265;ceu_aberto;5;707,59;5;247,65999999999997;1;6;1;6;2;0;2;0;1;6;1;3;1;0;2;6;0;19;40
266;parcialmente_nublado;5;707,6;5;247,65;1;5;1;6;2;0;2;0;1;6;1;0;1;0;2;5;0;24;40
267;ceu_aberto;5;707,6;5;247,65;1;6;1;6;2;0;2;0;1;6;1;0;1;0;2;6;0;19;40
268;ceu_aberto;5;707,6;5;247,66;1;6;1;6;2;0;2;0;1;6;1;0;1;0;2;6;0;19;40
269;parcialmente_nublado;5;707,5899999999999;5;247,65;1;5;1;6;2;0;2;0;1;6;1;0;1;0;2;0;0;24;40
270;parcialmente_nublado;5;707,58;5;247,66000000000003;1;6;1;5;2;0;2;0;1;6;1;0;1;0;2;0;0;24;40
271;ceu_aberto;5;707,5899999999999;5;247,66999999999996;1;6;1;6;2;0;2;0;1;6;1;0;1;0;2;6;0;19;40
272;ceu_aberto;5;707,61;5;247,66000000000003;1;6;1;6;2;0;2;0;1;6;1;0;1;0;2;6;0;19;40
273;parcialmente_nublado;5;707,6;5;247,66;1;6;1;6;2;0;2;0;1;6;1;0;1;0;2;6;0;24;40
274;ceu_aberto;5;707,6;5;247,65;1;6;1;6;2;0;2;0;1;6;1;0;1;0;2;6;0;19;40
275;ceu_aberto;5;707,6;5;247,66;1;6;1;6;2;0;2;0;1;6;1;0;1;0;2;6;0;19;40
276;ceu_aberto;5;707,61;5;247,65;1;6;1;6;2;0;2;0;1;6;1;0;1;0;2;6;0;19;40
277;ceu_aberto;5;707,6;5;247,67000000000002;1;6;1;6;2;0;2;0;1;6;1;0;1;0;2;6;0;19;40
278;ceu_aberto;5;707,6;5;247,66;1;6;1;6;2;0;2;0;1;6;1;2;1;0;2;6;0;19;40
279;parcialmente_nublado;5;707,6;5;247,66;1;6;1;6;2;0;2;0;1;6;1;0;1;0;2;6;0;24;40
280;ceu_aberto;5;707,6;5;247,66;1;6;1;6;2;0;2;0;1;6;1;4;1;0;2;6;0;19;40
281;ceu_aberto;5;707,6;5;247,67000000000002;1;6;1;6;2;0;2;0;1;6;1;0;1;0;2;6;0;19;40
282;parcialmente_nublado;5;707,59;5;247,65000000000003;1;6;1;3;2;0;2;2;1;6;1;0;1;0;2;8;0;24;40
283;parcialmente_nublado;5;707,6;5;247,66;1;6;1;5;2;0;2;0;1;5;1;0;1;0;2;6;0;24;40
284;ceu_aberto;5;707,6;5;247,65;1;6;1;6;2;0;2;0;1;6;1;3;1;0;2;6;0;19;40
285;parcialmente_nublado;5;707,59;5;247,67;1;6;1;0;2;0;2;0;1;6;1;0;1;0;2;0;0;24;40
286;nublado;5;707,61;5;247,66;1;6;1;0;2;0;2;0;1;0;1;0;1;0;2;6;0;21;40
287;parcialmente_nublado;5;707,61;5;247,66000000000003;1;1;1;5;2;0;2;0;1;5;1;0;1;0;2;1;0;24;40
288;ceu_aberto;5;707,6;5;247,65;1;6;1;6;2;0;2;0;1;6;1;0;1;0;2;6;0;19;40
289;parcialmente_nublado;5;707,6;5;247,66000000000003;1;6;1;6;2;0;2;0;1;6;1;0;1;0;2;6;0;24;40
290;ceu_aberto;5;707,6;5;247,66;1;6;1;6;2;0;2;0;1;6;1;0;1;0;2;5;0;19;40
291;ceu_aberto;5;707,6;5;247,67000000000002;1;6;1;6;2;0;2;0;1;6;1;5;1;0;2;6;0;19;40
292;parcialmente_nublado;5;707,6;5;247,66000000000003;1;6;1;6;2;0;2;0;1;6;1;0;1;0;2;6;0;24;40
293;parcialmente_nublado;5;707,6;5;247,65000000000003;1;6;1;6;2;0;2;0;1;6;1;0;1;0;2;4;0;24;40
294;parcialmente_nublado;5;707,6;5;247,66;1;6;1;6;2;0;2;0;1;6;1;0;1;0;2;6;0;24;40
295;parcialmente_nublado;5;707,6;5;247,66;1;6;1;6;2;0;2;0;1;6;1;0;1;0;2;6;0;24;40
296;parcialmente_nublado;5;707,6;5;247,66;1;5;1;6;2;0;2;0;1;6;1;0;1;0;2;4;0;24;40
297;ceu_aberto;5;707,6;5;247,65;1;6;1;6;2;0;2;0;1;6;1;3;1;0;2;6;0;19;40
298;parcialmente_nublado;5;707,6;5;247,67000000000002;1;6;1;0;2;0;2;0;1;6;1;0;1;0;2;5;0;24;40
299;ceu_aberto;5;707,5999999999999;5;247,66;1;6;1;6;2;0;2;0;1;6;1;0;1;0;2;6;0;19;40
300;parcialmente_nublado;5;707,59;5;247,67;1;6;1;5;2;0;2;0;1;5;1;0;1;0;2;6;0;24;40
301;nublado;5;707,6;5;247,65;1;0;1;0;2;0;2;0;1;0;1;0;1;0;2;0;0;21;40
302;ceu_aberto;5;707,6;5;247,66000000000003;1;6;1;6;2;0;2;0;1;6;1;0;1;0;2;6;0;19;40
303;parcialmente_nublado;5;707,5999999999999;5;247,66000000000003;1;6;1;6;2;0;2;0;1;6;1;0;1;0;2;4;0;24;40
304;ceu_aberto;5;707,59;5;247,65999999999997;1;6;1;6;2;0;2;0;1;6;1;3;1;0;2;6;0;19;40
305;ceu_aberto;5;707,61;5;247,66;1;6;1;6;2;0;2;0;1;6;1;3;1;0;2;6;0;19;40
306;parcialmente_nublado;5;707,6;5;247,65;1;6;1;6;2;0;2;0;1;6;1;0;1;0;2;6;0;24;40
307;ceu_aberto;5;707,59;5;247,66000000000003;1;6;1;6;2;0;2;0;1;6;1;2;1;0;2;6;0;19;40
308;parcialmente_nublado;5;707,6;5;247,66;1;6;1;6;2;0;2;0;1;6;1;0;1;0;2;6;0;24;40
309;parcialmente_nublado;5;707,6;5;247,66000000000003;1;6;1;5;2;0;2;2;1;6;1;0;1;0;2;6;0;24;40
310;parcialmente_nublado;5;707,6;5;247,67000000000002;1;6;1;5;2;0;2;0;1;6;1;0;1;0;2;5;0;24;40
311;ceu_aberto;5;707,61;5;247,67;1;6;1;6;2;0;2;0;1;6;1;3;1;0;2;6;0;19;40
312;ceu_aberto;5;707,59;5;247,66;1;6;1;6;2;0;2;0;1;6;1;4;1;0;2;6;0;19;40
313;ceu_aberto;5;707,59;5;247,66000000000003;1;6;1;6;2;0;2;0;1;6;1;0;1;0;2;6;0;19;40
314;parcialmente_nublado;5;707,6;5;247,65999999999997;1;6;1;0;2;0;2;0;1;6;1;0;1;0;2;6;0;24;40
315;ceu_aberto;5;707,6;5;247,66;1;6;1;6;2;0;2;0;1;6;1;0;1;0;2;6;0;19;40
316;ceu_aberto;5;707,6;5;247,66;1;6;1;6;2;0;2;0;1;6;1;0;1;0;2;6;0;19;40
317;parcialmente_nublado;5;707,6;5;247,66;1;6;1;5;2;0;2;0;1;6;1;0;1;0;2;5;0;24;40
318;nublado;5;707,59;5;247,67000000000002;1;5;1;1;2;0;2;0;1;3;1;0;1;0;2;5;0;21;40
319;parcialmente_nublado;5;707,6;5;247,66;1;6;1;6;2;0;2;0;1;6;1;0;1;0;2;6;0;24;40
320;nublado;5;707,6;5;247,65;1;0;1;0;2;0;2;0;1;0;1;0;1;0;2;0;0;21;40
321;nublado;5;707,61;5;247,66;1;5;1;0;2;0;2;0;1;5;1;0;1;0;2;3;0;21;40
322;ceu_aberto;5;707,6;5;247,66000000000003;1;6;1;6;2;0;2;0;1;6;1;0;1;0;2;6;0;19;40
323;ceu_aberto;5;707,61;5;247,66;1;6;1;6;2;0;2;0;1;6;1;0;1;0;2;6;0;19;40
324;nublado;5;707,59;5;247,65;1;6;1;0;2;0;2;0;1;6;1;0;1;0;2;6;0;21;40
325;ceu_aberto;5;707,61;5;247,67000000000002;1;6;1;6;2;0;2;0;1;6;1;0;1;0;2;6;0;19;40
326;ceu_aberto;5;707,61;5;247,66;1;6;1;6;2;0;2;0;1;6;1;0;1;0;2;6;0;19;40
327;parcialmente_nublado;5;707,59;5;247,66;1;6;1;0;2;0;2;0;1;6;1;0;1;0;2;6;0;24;40
328;ceu_aberto;5;707,5999999999999;5;247,66;1;6;1;6;2;0;2;0;1;6;1;0;1;0;2;6;0;19;40
329;nublado;5;707,6;5;247,66000000000003;1;5;1;0;2;0;2;0;1;0;1;0;1;0;2;5;0;21;40
330;ceu_aberto;5;707,6;5;247,66;1;6;1;6;2;0;2;0;1;6;1;1;1;0;2;6;0;19;40
331;ceu_aberto;5;707,6;5;247,64999999999998;1;6;1;6;2;0;2;0;1;6;1;1;1;0;2;6;0;19;40
332;ceu_aberto;5;707,5899999999999;5;247,66;1;6;1;5;2;0;2;0;1;6;1;0;1;0;2;6;0;19;40
333;nublado;5;707,6;5;247,66;1;6;1;0;2;0;2;0;1;0;1;0;1;0;2;6;0;21;40
334;parcialmente_nublado;5;707,6;5;247,66;1;6;1;6;2;0;2;0;1;6;1;0;1;0;2;6;0;24;40
335;ceu_aberto;5;707,6;5;247,65;1;6;1;6;2;0;2;0;1;6;1;0;1;0;2;6;0;19;40
336;ceu_aberto;5;707,6;5;247,65999999999997;1;6;1;6;2;0;2;0;1;6;1;0;1;0;2;6;0;19;40
337;ceu_aberto;5;707,61;5;247,65;1;6;1;6;2;0;2;0;1;6;1;0;1;0;2;6;0;19;40
338;parcialmente_nublado;5;707,6;5;247,66;1;6;1;6;2;0;2;0;1;6;1;0;1;0;2;6;0;24;40
339;ceu_aberto;5;707,61;5;247,67;1;6;1;6;2;0;2;0;1;6;1;5;1;0;2;6;0;19;40
340;nublado;5;707,6;5;247,66000000000003;1;6;1;0;2;0;2;0;1;0;1;0;1;0;2;6;0;21;40
341;nublado;5;707,6;5;247,67000000000002;1;6;1;5;2;0;2;0;1;5;1;0;1;0;2;6;0;21;40
342;nublado;5;707,6;5;247,66;1;6;1;0;2;0;2;0;1;0;1;0;1;0;2;6;0;21;40
343;ceu_aberto;5;707,6;5;247,66000000000003;1;6;1;6;2;0;2;0;1;6;1;0;1;0;2;6;0;19;40
344;ceu_aberto;5;707,61;5;247,67000000000002;1;6;1;6;2;0;2;0;1;6;1;4;1;0;2;6;0;19;40
345;nublado;5;707,6;5;247,66000000000003;1;5;1;5;2;0;2;0;1;5;1;0;1;0;2;5;0;21;40
346;ceu_aberto;5;707,6;5;247,66;1;6;1;6;2;0;2;0;1;6;1;0;1;0;2;6;0;19;40
347;ceu_aberto;5;707,61;5;247,66000000000003;1;6;1;6;2;0;2;0;1;6;1;3;1;0;2;6;0;19;40
348;parcialmente_nublado;5;707,5999999999999;5;247,65;1;6;1;5;2;0;2;0;1;6;1;0;1;0;2;5;0;24;40
349;parcialmente_nublado;5;707,61;5;247,65;1;5;1;6;2;0;2;0;1;6;1;0;1;0;2;5;0;24;40
350;ceu_aberto;5;707,6;5;247,64999999999998;1;6;1;6;2;0;2;0;1;6;1;2;1;0;2;6;0;19;40
351;ceu_aberto;5;707,6;5;247,64999999999998;1;6;1;6;2;0;2;0;1;6;1;1;1;0;2;6;0;19;40
352;ceu_aberto;5;707,59;5;247,66;1;6;1;6;2;0;2;0;1;6;1;0;1;0;2;6;0;19;40
353;ceu_aberto;5;707,6;5;247,67;1;6;1;6;2;0;2;0;1;6;1;0;1;0;2;6;0;19;40
354;nublado;5;707,6;5;247,65;1;6;1;6;2;0;2;0;1;6;1;0;1;0;2;6;0;21;40
355;ceu_aberto;5;707,6;5;247,66;1;6;1;6;2;0;2;0;1;6;1;5;1;0;2;6;0;19;40
356;ceu_aberto;5;707,6;5;247,66;1;6;1;6;2;0;2;0;1;6;1;0;1;0;2;6;0;19;40
357;parcialmente_nublado;5;707,6;5;247,66000000000003;1;6;1;4;2;0;2;0;1;6;1;0;1;0;2;6;0;24;40
358;ceu_aberto;5;707,6;5;247,67;1;6;1;5;2;0;2;0;1;6;1;0;1;0;2;6;0;19;40
359;nublado;5;707,6;5;247,66000000000003;1;5;1;0;2;0;2;0;1;0;1;0;1;0;2;5;0;21;40
360;ceu_aberto;5;707,5999999999999;5;247,66;1;6;1;6;2;0;2;0;1;6;1;0;1;0;2;6;0;19;40
361;ceu_aberto;5;707,6;5;247,66;1;6;1;6;2;0;2;0;1;6;1;5;1;0;2;6;0;19;40
362;ceu_aberto;5;707,6;5;247,66000000000003;1;6;1;6;2;0;2;0;1;6;1;0;1;0;2;6;0;19;40
363;ceu_aberto;5;707,6;5;247,67;1;6;1;6;2;0;2;0;1;6;1;1;1;0;2;6;0;19;40
364;ceu_aberto;5;707,6;5;247,64999999999998;1;6;1;5;2;0;2;0;1;6;1;0;1;0;2;6;0;19;40
365;parcialmente_nublado;5;707,5999999999999;5;247,66;1;6;1;6;2;0;2;0;1;6;1;0;1;0;2;6;0;24;40
366;parcialmente_nublado;5;707,6;5;247,66;1;6;1;0;2;0;2;0;1;6;1;0;1;0;2;6;0;24;40
367;parcialmente_nublado;5;707,6;5;247,67000000000002;1;6;1;2;2;0;2;2;1;6;1;0;1;0;2;8;0;24;40
368;ceu_aberto;5;707,59;5;247,64999999999998;1;6;1;6;2;0;2;0;1;6;1;0;1;0;2;6;0;19;40
369;ceu_aberto;5;707,6;5;247,65;1;6;1;6;2;0;2;0;1;6;1;0;1;0;2;6;0;19;40
370;ceu_aberto;5;707,6;5;247,66;1;6;1;6;2;0;2;0;1;6;1;4;1;0;2;6;0;19;40
371;nublado;5;707,6;5;247,67000000000002;1;2;1;0;2;0;2;0;1;2;1;0;1;0;2;0;0;21;40
372;ceu_aberto;5;707,61;5;247,64999999999998;1;6;1;6;2;0;2;0;1;6;1;0;1;0;2;6;0;19;40
373;ceu_aberto;5;707,6;5;247,66;1;6;1;6;2;0;2;0;1;6;1;2;1;0;2;6;0;19;40
374;ceu_aberto;5;707,6;5;247,67000000000002;1;6;1;6;2;0;2;0;1;6;1;0;1;0;2;6;0;19;40
375;parcialmente_nublado;5;707,6;5;247,65999999999997;1;6;1;6;2;0;2;0;1;6;1;0;1;0;2;5;0;24;40
376;ceu_aberto;5;707,6;5;247,67000000000002;1;6;1;6;2;0;2;0;1;6;1;2;1;0;2;6;0;19;40
377;parcialmente_nublado;5;707,6;5;247,65;1;6;1;6;2;0;2;0;1;6;1;0;1;0;2;6;0;24;40
378;parcialmente_nublado;5;707,6;5;247,64999999999998;1;6;1;3;2;0;2;0;1;6;1;0;1;0;2;0;0;24;40
379;parcialmente_nublado;5;707,59;5;247,65999999999997;1;6;1;6;2;0;2;2;1;6;1;0;1;0;2;8;0;24;40
380;nublado;5;707,61;5;247,66000000000003;1;3;1;0;2;0;2;0;1;3;1;0;1;0;2;0;0;21;40
381;ceu_aberto;5;707,6;5;247,66;1;6;1;6;2;0;2;0;1;6;1;3;1;0;2;6;0;19;40
382;ceu_aberto;5;707,6;5;247,66;1;6;1;6;2;0;2;0;1;6;1;0;1;0;2;6;0;19;40
383;nublado;5;707,59;5;247,66;1;5;1;5;2;0;2;0;1;5;1;0;1;0;2;5;0;21;40
384;ceu_aberto;5;707,6;5;247,65000000000003;1;6;1;6;2;0;2;0;1;6;1;0;1;0;2;6;0;19;40
385;parcialmente_nublado;5;707,6;5;247,65;1;6;1;6;2;0;2;0;1;6;1;0;1;0;2;6;0;24;40
386;nublado;5;707,61;5;247,65;1;6;1;0;2;0;2;0;1;6;1;0;1;0;2;0;0;21;40
387;parcialmente_nublado;5;707,61;5;247,66000000000003;1;6;1;6;2;0;2;0;1;6;1;0;1;0;2;6;0;24;40
388;ceu_aberto;5;707,6;5;247,65999999999997;1;6;1;6;2;0;2;0;1;6;1;4;1;0;2;6;0;19;40
389;nublado;5;707,61;5;247,66;1;6;1;0;2;0;2;0;1;6;1;0;1;0;2;0;0;21;40
390;ceu_aberto;5;707,6;5;247,67000000000002;1;6;1;6;2;0;2;0;1;6;1;1;1;0;2;6;0;19;40
391;nublado;5;707,6;5;247,67;1;2;1;0;2;0;2;0;1;2;1;0;1;0;2;0;0;21;40
392;parcialmente_nublado;5;707,5999999999999;5;247,66000000000003;1;6;1;6;2;0;2;0;1;6;1;0;1;0;2;4;0;24;40
393;ceu_aberto;5;707,61;5;247,66000000000003;1;6;1;6;2;0;2;0;1;6;1;0;1;0;2;6;0;19;40
394;ceu_aberto;5;707,6;5;247,67;1;6;1;6;2;0;2;0;1;6;1;3;1;0;2;6;0;19;40
395;ceu_aberto;5;707,6;5;247,64999999999998;1;6;1;6;2;0;2;0;1;6;1;0;1;0;2;6;0;19;40
396;ceu_aberto;5;707,6;5;247,67;1;6;1;6;2;0;2;0;1;6;1;0;1;0;2;6;0;19;40
397;ceu_aberto;5;707,6;5;247,66;1;6;1;6;2;0;2;0;1;6;1;0;1;0;2;6;0;19;40
398;parcialmente_nublado;5;707,6;5;247,66;1;6;1;5;2;0;2;0;1;6;1;0;1;0;2;5;0;24;40
399;parcialmente_nublado;5;707,6;5;247,64999999999998;1;6;1;5;2;0;2;0;1;5;1;0;1;0;2;6;0;24;40
400;ceu_aberto;5;707,6;5;247,66000000000003;1;6;1;5;2;0;2;0;1;6;1;4;1;0;2;6;0;19;40
401;ceu_aberto;5;707,6;5;247,66000000000003;1;6;1;6;2;0;2;0;1;6;1;4;1;0;2;6;0;19;40
402;ceu_aberto;5;707,6;5;247,65999999999997;1;6;1;6;2;0;2;0;1;6;1;0;1;0;2;6;0;19;40
403;nublado;5;707,61;5;247,66;1;0;1;0;2;0;2;0;1;0;1;0;1;0;2;0;0;21;40
404;nublado;5;707,61;5;247,67000000000002;1;5;1;0;2;0;2;0;1;0;1;0;1;0;2;5;0;21;40
405;nublado;5;707,6;5;247,66;1;5;1;0;2;0;2;0;1;0;1;0;1;0;2;5;0;21;40
406;ceu_aberto;5;707,5999999999999;5;247,66000000000003;1;6;1;6;2;0;2;0;1;6;1;0;1;0;2;6;0;19;40
407;ceu_aberto;5;707,61;5;247,65999999999997;1;6;1;6;2;0;2;0;1;6;1;5;1;0;2;6;0;19;40
408;ceu_aberto;5;707,61;5;247,67000000000002;1;6;1;4;2;0;2;0;1;6;1;1;1;0;2;6;0;19;40
409;parcialmente_nublado;5;707,61;5;247,66999999999996;1;6;1;6;2;0;2;0;1;6;1;0;1;0;2;5;0;24;40
410;ceu_aberto;5;707,6;5;247,66;1;6;1;5;2;0;2;0;1;6;1;0;1;0;2;5;0;19;40
411;nublado;5;707,6;5;247,66000000000003;1;6;1;0;2;0;2;0;1;0;1;0;1;0;2;6;0;21;40
412;parcialmente_nublado;5;707,6;5;247,64999999999998;1;6;1;0;2;0;2;0;1;5;1;0;1;0;2;6;0;24;40
413;parcialmente_nublado;5;707,6;5;247,66000000000003;1;6;1;0;2;0;2;0;1;6;1;0;1;0;2;6;0;24;40
414;ceu_aberto;5;707,6;5;247,67000000000002;1;6;1;6;2;0;2;0;1;6;1;0;1;0;2;6;0;19;40
415;ceu_aberto;5;707,61;5;247,66;1;6;1;6;2;0;2;0;1;6;1;0;1;0;2;6;0;19;40
416;ceu_aberto;5;707,6;5;247,67000000000002;1;6;1;6;2;0;2;0;1;6;1;0;1;0;2;6;0;19;40
417;parcialmente_nublado;5;707,6;5;247,66;1;6;1;5;2;0;2;0;1;5;1;0;1;0;2;6;0;24;40
418;ceu_aberto;5;707,5899999999999;5;247,66000000000003;1;6;1;6;2;0;2;0;1;6;1;0;1;0;2;6;0;19;40
419;ceu_aberto;5;707,6;5;247,65000000000003;1;6;1;6;2;0;2;0;1;6;1;0;1;0;2;6;0;19;40
420;parcialmente_nublado;5;707,6;5;247,64999999999998;1;6;1;5;2;0;2;0;1;5;1;0;1;0;2;6;0;24;40
421;ceu_aberto;5;707,6;5;247,67000000000002;1;6;1;6;2;0;2;0;1;6;1;0;1;0;2;6;0;19;40
422;ceu_aberto;5;707,5999999999999;5;247,66;1;6;1;6;2;0;2;0;1;6;1;0;1;0;2;6;0;19;40
423;parcialmente_nublado;5;707,6;5;247,65;1;6;1;6;2;0;2;0;1;6;1;0;1;0;2;0;0;24;40
424;ceu_aberto;5;707,6;5;247,67;1;7;1;6;2;0;2;0;1;6;1;0;1;0;2;7;0;19;40
425;nublado;5;707,5999999999999;5;247,65;1;3;1;5;2;0;2;0;1;5;1;0;1;0;2;0;0;21;40
426;ceu_aberto;5;707,6;5;247,67000000000002;1;6;1;6;2;0;2;0;1;6;1;6;1;0;2;6;0;19;40
427;ceu_aberto;5;707,61;5;247,67000000000002;1;6;1;6;2;0;2;0;1;6;1;0;1;0;2;6;0;19;40
428;ceu_aberto;5;707,6;5;247,66000000000003;1;6;1;6;2;0;2;0;1;6;1;1;1;0;2;6;0;19;40
429;ceu_aberto;5;707,5899999999999;5;247,65;1;6;1;6;2;0;2;0;1;6;1;3;1;0;2;6;0;19;40
430;ceu_aberto;5;707,61;5;247,65000000000003;1;6;1;6;2;0;2;0;1;6;1;0;1;0;2;6;0;19;40
431;parcialmente_nublado;5;707,59;5;247,64999999999998;1;2;1;0;2;0;2;0;1;0;1;0;1;0;2;2;0;24;40
432;ceu_aberto;5;707,6;5;247,66;1;6;1;6;2;0;2;0;1;6;1;4;1;0;2;6;0;19;40
433;ceu_aberto;5;707,59;5;247,67000000000002;1;6;1;5;2;0;2;0;1;6;1;0;1;0;2;6;0;19;40
434;ceu_aberto;5;707,6;5;247,67;1;6;1;6;2;0;2;0;1;6;1;0;1;0;2;6;0;19;40
435;nublado;5;707,6;5;247,66;1;1;1;0;2;0;2;0;1;0;1;0;1;0;2;1;0;21;40
436;ceu_aberto;5;707,59;5;247,67000000000002;1;6;1;6;2;0;2;0;1;6;1;0;1;0;2;6;0;19;40
437;ceu_aberto;5;707,6;5;247,66;1;6;1;6;2;0;2;0;1;6;1;0;1;0;2;6;0;19;40
438;nublado;5;707,6;5;247,65999999999997;1;6;1;0;2;0;2;0;1;0;1;0;1;0;2;6;0;21;40
439;ceu_aberto;5;707,5999999999999;5;247,66;1;6;1;6;2;0;2;0;1;6;1;0;1;0;2;6;0;19;40
440;ceu_aberto;5;707,59;5;247,66000000000003;1;6;1;6;2;0;2;0;1;6;1;4;1;0;2;6;0;19;40
441;ceu_aberto;5;707,6;5;247,67;1;6;1;6;2;0;2;0;1;6;1;5;1;0;2;6;0;19;40
442;ceu_aberto;5;707,6;5;247,66;1;6;1;6;2;0;2;0;1;6;1;0;1;0;2;6;0;19;40
443;ceu_aberto;5;707,61;5;247,67000000000002;1;6;1;6;2;0;2;0;1;6;1;0;1;0;2;6;0;19;40
444;parcialmente_nublado;5;707,6;5;247,67;1;6;1;6;2;0;2;0;1;6;1;0;1;0;2;6;0;24;40
445;ceu_aberto;5;707,6;5;247,66000000000003;1;6;1;6;2;0;2;0;1;6;1;0;1;0;2;6;0;19;40
446;nublado;5;707,6;5;247,66;1;6;1;0;2;0;2;0;1;0;1;0;1;0;2;6;0;21;40
447;parcialmente_nublado;5;707,61;5;247,66000000000003;1;6;1;6;2;0;2;0;1;6;1;0;1;0;2;6;0;24;40
448;nublado;5;707,6;5;247,65000000000003;1;0;1;0;2;0;2;0;1;0;1;0;1;0;2;0;0;21;40
449;parcialmente_nublado;5;707,61;5;247,66999999999996;1;6;1;6;2;0;2;0;1;6;1;0;1;0;2;6;0;24;40
450;ceu_aberto;5;707,59;5;247,67000000000002;1;7;1;6;2;0;2;0;1;6;1;3;1;0;2;7;0;19;40
451;ceu_aberto;5;707,6;5;247,65;1;6;1;6;2;0;2;0;1;6;1;0;1;0;2;6;0;19;40
452;parcialmente_nublado;5;707,61;5;247,65;1;6;1;6;2;0;2;0;1;6;1;0;1;0;2;6;0;24;40
453;parcialmente_nublado;5;707,6;5;247,64999999999998;1;6;1;0;2;0;2;0;1;6;1;0;1;0;2;6;0;24;40
454;ceu_aberto;5;707,6;5;247,66;1;6;1;6;2;0;2;0;1;6;1;1;1;0;2;6;0;19;40
455;ceu_aberto;5;707,6;5;247,65;1;6;1;6;2;0;2;0;1;6;1;5;1;0;2;6;0;19;40
456;parcialmente_nublado;5;707,59;5;247,66;1;6;1;6;2;0;2;0;1;6;1;0;1;0;2;6;0;24;40
457;parcialmente_nublado;5;707,6;5;247,66;1;6;1;6;2;0;2;0;1;6;1;0;1;0;2;5;0;24;40
458;ceu_aberto;5;707,59;5;247,65;1;6;1;6;2;0;2;0;1;6;1;0;1;0;2;6;0;19;40
459;parcialmente_nublado;5;707,6;5;247,66;1;3;1;6;2;0;2;0;1;6;1;0;1;0;2;3;0;24;40
460;ceu_aberto;5;707,6;5;247,67000000000002;1;6;1;6;2;0;2;0;1;6;1;5;1;0;2;6;0;19;40
461;parcialmente_nublado;5;707,61;5;247,67000000000002;1;6;1;2;2;0;2;0;1;6;1;0;1;0;2;6;0;24;40
462;parcialmente_nublado;5;707,6;5;247,67;1;6;1;6;2;0;2;0;1;6;1;0;1;0;2;6;0;24;40
463;ceu_aberto;5;707,61;5;247,67;1;6;1;6;2;0;2;0;1;6;1;0;1;0;2;6;0;19;40
464;ceu_aberto;5;707,6;5;247,67;1;6;1;6;2;0;2;0;1;6;1;0;1;0;2;6;0;19;40
465;parcialmente_nublado;5;707,6;5;247,65999999999997;1;6;1;5;2;0;2;0;1;6;1;0;1;0;2;0;0;24;40
466;parcialmente_nublado;5;707,61;5;247,66000000000003;1;6;1;6;2;0;2;0;1;6;1;0;1;0;2;6;0;24;40
467;ceu_aberto;5;707,6;5;247,67;1;6;1;6;2;0;2;0;1;6;1;4;1;0;2;6;0;19;40
468;ceu_aberto;5;707,61;5;247,66;1;6;1;6;2;0;2;0;1;6;1;0;1;0;2;6;0;19;40
469;parcialmente_nublado;5;707,61;5;247,66;1;6;1;6;2;0;2;0;1;6;1;0;1;0;2;6;0;24;40
470;ceu_aberto;5;707,6;5;247,65;1;6;1;6;2;0;2;0;1;6;1;0;1;0;2;6;0;19;40
471;ceu_aberto;5;707,6;5;247,65;1;6;1;6;2;0;2;0;1;6;1;0;1;0;2;6;0;19;40
472;nublado;5;707,6;5;247,66;1;5;1;0;2;0;2;0;1;0;1;0;1;0;2;5;0;21;40
473;parcialmente_nublado;5;707,6;5;247,66;1;6;1;6;2;0;2;0;1;6;1;0;1;0;2;6;0;24;40
474;ceu_aberto;5;707,6;5;247,67;1;6;1;5;2;0;2;0;1;6;1;0;1;0;2;6;0;19;40
475;ceu_aberto;5;707,6;5;247,67;1;6;1;6;2;0;2;0;1;6;1;0;1;0;2;6;0;19;40
476;ceu_aberto;5;707,59;5;247,66;1;6;1;6;2;0;2;0;1;6;1;0;1;0;2;6;0;19;40
477;ceu_aberto;5;707,61;5;247,66;1;6;1;6;2;0;2;0;1;6;1;5;1;0;2;6;0;19;40
478;ceu_aberto;5;707,6;5;247,66000000000003;1;6;1;6;2;0;2;0;1;6;1;0;1;0;2;6;0;19;40
479;nublado;5;707,6;5;247,65;1;0;1;0;2;0;2;0;1;0;1;0;1;0;2;0;0;21;40
480;parcialmente_nublado;5;707,59;5;247,67000000000002;1;6;1;5;2;0;2;0;1;6;1;0;1;0;2;6;0;24;40
481;parcialmente_nublado;5;707,5899999999999;5;247,67000000000002;1;6;1;3;2;0;2;0;1;3;1;0;1;0;2;6;0;24;40
482;ceu_aberto;5;707,6;5;247,66000000000003;1;6;1;6;2;0;2;0;1;6;1;1;1;0;2;6;0;19;40
483;parcialmente_nublado;5;707,6;5;247,66;1;6;1;6;2;0;2;0;1;6;1;0;1;0;2;6;0;24;40
484;ceu_aberto;5;707,6;5;247,66;1;6;1;6;2;0;2;0;1;6;1;2;1;0;2;6;0;19;40
485;nublado;5;707,5999999999999;5;247,65999999999997;1;6;1;0;2;0;2;0;1;0;1;0;1;0;2;6;0;21;40
486;parcialmente_nublado;5;707,6;5;247,66;1;6;1;0;2;0;2;0;1;6;1;0;1;0;2;6;0;24;40
487;nublado;5;707,6;5;247,66;1;6;1;0;2;0;2;0;1;0;1;0;1;0;2;6;0;21;40
488;ceu_aberto;5;707,6;5;247,65999999999997;1;6;1;6;2;0;2;0;1;6;1;0;1;0;2;6;0;19;40
489;parcialmente_nublado;5;707,6;5;247,65;1;6;1;6;2;0;2;0;1;6;1;0;1;0;2;5;0;24;40
490;ceu_aberto;5;707,6;5;247,67000000000002;1;6;1;5;2;0;2;0;1;6;1;0;1;0;2;6;0;19;40
491;parcialmente_nublado;5;707,6;5;247,66;1;5;1;3;2;0;2;0;1;3;1;0;1;0;2;5;0;24;40
492;ceu_aberto;5;707,5899999999999;5;247,65;1;6;1;6;2;0;2;0;1;6;1;0;1;0;2;6;0;19;40
493;nublado;5;707,6;5;247,67;1;6;1;0;2;0;2;0;1;5;1;0;1;0;2;6;0;21;40
494;nublado;5;707,6;5;247,65999999999997;1;0;1;0;2;0;2;0;1;0;1;0;1;0;2;0;0;21;40
495;parcialmente_nublado;5;707,61;5;247,65;1;5;1;6;2;0;2;0;1;6;1;0;1;0;2;4;0;24;40
496;ceu_aberto;5;707,5999999999999;5;247,66000000000003;1;6;1;6;2;0;2;0;1;6;1;0;1;0;2;6;0;19;40
497;ceu_aberto;5;707,6;5;247,64999999999998;1;6;1;6;2;0;2;0;1;6;1;0;1;0;2;6;0;19;40
498;nublado;5;707,6;5;247,66000000000003;1;6;1;0;2;0;2;0;1;6;1;0;1;0;2;4;0;21;40
499;ceu_aberto;5;707,5899999999999;5;247,66;1;6;1;6;2;0;2;0;1;6;1;3;1;0;2;6;0;19;40
500;parcialmente_nublado;5;707,5999999999999;5;247,66;1;6;1;5;2;0;2;0;1;6;1;0;1;0;2;6;0;24;40
