id_realizacao;tipo_dia;pv_unidades;pv_potencia_total_kw;bess_unidades;bess_potencia_total_kw;subtensao_manhã;sobretensao_manhã;subtensao_tarde;sobretensao_tarde;subtensao_noite;sobretensao_noite;subtensao_madrugada;sobretensao_madrugada;subtensao_bess_carga;sobretensao_bess_carga;subtensao_bess_pós_carga_pré_descarga;sobretensao_bess_pós_carga_pré_descarga;subtensao_bess_descarga;sobretensao_bess_descarga;subtensao_bess_fora_de_operacao;sobretensao_bess_fora_de_operacao;horas_com_erro_max_control;pen_pct
1;ceu_aberto;0;0,0;0;0,0;2;0;2;0;2;0;2;0;2;0;2;0;2;0;2;0;0;0
2;parcialmente_nublado;0;0,0;0;0,0;2;0;2;0;2;0;2;0;2;0;2;0;2;0;2;0;0;0
3;nublado;0;0,0;0;0,0;2;0;2;0;2;0;2;0;2;0;2;0;2;0;2;0;0;0
4;parcialmente_nublado;0;0,0;0;0,0;2;0;2;0;2;0;2;0;2;0;2;0;2;0;2;0;0;0
5;parcialmente_nublado;0;0,0;0;0,0;2;0;2;0;2;0;2;0;2;0;2;0;2;0;2;0;0;0
6;ceu_aberto;0;0,0;0;0,0;2;0;2;0;2;0;2;0;2;0;2;0;2;0;2;0;0;0
7;parcialmente_nublado;0;0,0;0;0,0;2;0;2;0;2;0;2;0;2;0;2;0;2;0;2;0;0;0
8;parcialmente_nublado;0;0,0;0;0,0;2;0;2;0;2;0;2;0;2;0;2;0;2;0;2;0;0;0
9;nublado;0;0,0;0;0,0;2;0;2;0;2;0;2;0;2;0;2;0;2;0;2;0;0;0
10;ceu_aberto;0;0,0;0;0,0;2;0;2;0;2;0;2;0;2;0;2;0;2;0;2;0;0;0
11;ceu_aberto;0;0,0;0;0,0;2;0;2;0;2;0;2;0;2;0;2;0;2;0;2;0;0;0
12;ceu_aberto;0;0,0;0;0,0;2;0;2;0;2;0;2;0;2;0;2;0;2;0;2;0;0;0
13;nublado;0;0,0;0;0,0;2;0;2;0;2;0;2;0;2;0;2;0;2;0;2;0;0;0
14;parcialmente_nublado;0;0,0;0;0,0;2;0;2;0;2;0;2;0;2;0;2;0;2;0;2;0;0;0
15;ceu_aberto;0;0,0;0;0,0;2;0;2;0;2;0;2;0;2;0;2;0;2;0;2;0;0;0
16;nublado;0;0,0;0;0,0;2;0;2;0;2;0;2;0;2;0;2;0;2;0;2;0;0;0
17;parcialmente_nublado;0;0,0;0;0,0;2;0;2;0;2;0;2;0;2;0;2;0;2;0;2;0;0;0
18;ceu_aberto;0;0,0;0;0,0;2;0;2;0;2;0;2;0;2;0;2;0;2;0;2;0;0;0
19;ceu_aberto;0;0,0;0;0,0;2;0;2;0;2;0;2;0;2;0;2;0;2;0;2;0;0;0
20;parcialmente_nublado;0;0,0;0;0,0;2;0;2;0;2;0;2;0;2;0;2;0;2;0;2;0;0;0
21;ceu_aberto;0;0,0;0;0,0;2;0;2;0;2;0;2;0;2;0;2;0;2;0;2;0;0;0
22;parcialmente_nublado;0;0,0;0;0,0;2;0;2;0;2;0;2;0;2;0;2;0;2;0;2;0;0;0
23;ceu_aberto;0;0,0;0;0,0;2;0;2;0;2;0;2;0;2;0;2;0;2;0;2;0;0;0
24;ceu_aberto;0;0,0;0;0,0;2;0;2;0;2;0;2;0;2;0;2;0;2;0;2;0;0;0
25;nublado;0;0,0;0;0,0;2;0;2;0;2;0;2;0;2;0;2;0;2;0;2;0;0;0
26;parcialmente_nublado;0;0,0;0;0,0;2;0;2;0;2;0;2;0;2;0;2;0;2;0;2;0;0;0
27;ceu_aberto;0;0,0;0;0,0;2;0;2;0;2;0;2;0;2;0;2;0;2;0;2;0;0;0
28;ceu_aberto;0;0,0;0;0,0;2;0;2;0;2;0;2;0;2;0;2;0;2;0;2;0;0;0
29;ceu_aberto;0;0,0;0;0,0;2;0;2;0;2;0;2;0;2;0;2;0;2;0;2;0;0;0
30;ceu_aberto;0;0,0;0;0,0;2;0;2;0;2;0;2;0;2;0;2;0;2;0;2;0;0;0
31;parcialmente_nublado;0;0,0;0;0,0;2;0;2;0;2;0;2;0;2;0;2;0;2;0;2;0;0;0
32;ceu_aberto;0;0,0;0;0,0;2;0;2;0;2;0;2;0;2;0;2;0;2;0;2;0;0;0
33;ceu_aberto;0;0,0;0;0,0;2;0;2;0;2;0;2;0;2;0;2;0;2;0;2;0;0;0
34;nublado;0;0,0;0;0,0;2;0;2;0;2;0;2;0;2;0;2;0;2;0;2;0;0;0
35;nublado;0;0,0;0;0,0;2;0;2;0;2;0;2;0;2;0;2;0;2;0;2;0;0;0
36;parcialmente_nublado;0;0,0;0;0,0;2;0;2;0;2;0;2;0;2;0;2;0;2;0;2;0;0;0
37;parcialmente_nublado;0;0,0;0;0,0;2;0;2;0;2;0;2;0;2;0;2;0;2;0;2;0;0;0
38;parcialmente_nublado;0;0,0;0;0,0;2;0;2;0;2;0;2;0;2;0;2;0;2;0;2;0;0;0
39;ceu_aberto;0;0,0;0;0,0;2;0;2;0;2;0;2;0;2;0;2;0;2;0;2;0;0;0
40;parcialmente_nublado;0;0,0;0;0,0;2;0;2;0;2;0;2;0;2;0;2;0;2;0;2;0;0;0
41;ceu_aberto;0;0,0;0;0,0;2;0;2;0;2;0;2;0;2;0;2;0;2;0;2;0;0;0
42;parcialmente_nublado;0;0,0;0;0,0;2;0;2;0;2;0;2;0;2;0;2;0;2;0;2;0;0;0
43;parcialmente_nublado;0;0,0;0;0,0;2;0;2;0;2;0;2;0;2;0;2;0;2;0;2;0;0;0
44;parcialmente_nublado;0;0,0;0;0,0;2;0;2;0;2;0;2;0;2;0;2;0;2;0;2;0;0;0
45;parcialmente_nublado;0;0,0;0;0,0;2;0;2;0;2;0;2;0;2;0;2;0;2;0;2;0;0;0
46;ceu_aberto;0;0,0;0;0,0;2;0;2;0;2;0;2;0;2;0;2;0;2;0;2;0;0;0
47;nublado;0;0,0;0;0,0;2;0;2;0;2;0;2;0;2;0;2;0;2;0;2;0;0;0
48;ceu_aberto;0;0,0;0;0,0;2;0;2;0;2;0;2;0;2;0;2;0;2;0;2;0;0;0
49;parcialmente_nublado;0;0,0;0;0,0;2;0;2;0;2;0;2;0;2;0;2;0;2;0;2;0;0;0
50;parcialmente_nublado;0;0,0;0;0,0;2;0;2;0;2;0;2;0;2;0;2;0;2;0;2;0;0;0
1;ceu_aberto;5;176,91;5;61,91;2;0;2;0;2;0;2;0;1;0;2;0;1;0;2;0;0;10
2;ceu_aberto;5;176,9;5;61,92;2;0;2;0;2;0;2;0;1;0;2;0;1;0;2;0;0;10
3;parcialmente_nublado;5;176,9;5;61,91;2;0;2;0;2;0;2;0;1;0;2;0;1;0;2;0;0;10
4;parcialmente_nublado;5;176,9;5;61,91;2;0;2;0;2;0;2;0;1;0;2;0;1;0;2;0;0;10
5;ceu_aberto;5;176,9;5;61,92;2;0;2;0;2;0;2;0;1;0;2;0;1;0;2;0;0;10
6;ceu_aberto;5;176,9;5;61,900000000000006;2;0;2;0;2;0;2;0;1;0;2;0;1;0;2;0;0;10
7;parcialmente_nublado;5;176,9;5;61,910000000000004;2;0;2;0;2;0;2;0;1;0;2;0;1;0;2;0;0;10
8;ceu_aberto;5;176,9;5;61,91;2;0;2;0;2;0;2;0;1;0;2;0;1;0;2;0;0;10
9;ceu_aberto;5;176,9;5;61,910000000000004;2;0;2;0;2;0;2;0;1;0;2;0;1;0;2;0;0;10
10;ceu_aberto;5;176,91;5;61,91;2;0;2;0;2;0;2;0;1;0;2;0;1;0;2;0;0;10
11;nublado;5;176,91;5;61,9;2;0;2;0;2;0;2;0;1;0;2;0;1;0;2;0;0;10
12;ceu_aberto;5;176,89;5;61,91;2;0;2;0;2;0;2;0;1;0;2;0;1;0;2;0;0;10
13;parcialmente_nublado;5;176,91;5;61,919999999999995;2;0;2;0;2;0;2;0;1;0;2;0;1;0;2;0;0;10
14;nublado;5;176,9;5;61,91;1;0;2;0;2;0;2;0;1;0;2;0;1;0;2;0;0;10
15;parcialmente_nublado;5;176,9;5;61,92;2;0;2;0;2;0;2;0;1;0;2;0;1;0;2;0;0;10
16;parcialmente_nublado;5;176,91;5;61,910000000000004;2;0;2;0;2;0;2;0;1;0;2;0;1;0;2;0;0;10
17;ceu_aberto;5;176,9;5;61,910000000000004;2;0;2;0;2;0;2;0;1;0;2;0;1;0;2;0;0;10
18;ceu_aberto;5;176,91;5;61,92;2;0;2;0;2;0;2;0;1;0;2;0;1;0;2;0;0;10
19;parcialmente_nublado;5;176,9;5;61,91;2;0;2;0;2;0;2;0;1;0;2;0;1;0;2;0;0;10
20;parcialmente_nublado;5;176,9;5;61,92;2;0;2;0;2;0;2;0;1;0;2;0;1;0;2;0;0;10
21;ceu_aberto;5;176,9;5;61,92;2;0;2;0;2;0;2;0;1;0;2;0;1;0;2;0;0;10
22;parcialmente_nublado;5;176,9;5;61,92;2;0;2;0;2;0;2;0;1;0;2;0;1;0;2;0;0;10
23;ceu_aberto;5;176,9;5;61,91;2;0;2;0;2;0;2;0;1;0;2;0;1;0;2;0;0;10
24;parcialmente_nublado;5;176,89999999999998;5;61,91;2;0;2;0;2;0;2;0;1;0;2;0;1;0;2;0;0;10
25;ceu_aberto;5;176,9;5;61,91;2;0;2;0;2;0;2;0;1;0;2;0;1;0;2;0;0;10
26;ceu_aberto;5;176,89;5;61,900000000000006;2;0;2;0;2;0;2;0;1;0;2;0;1;0;2;0;0;10
27;nublado;5;176,9;5;61,92;1;0;2;0;2;0;2;0;1;0;2;0;1;0;2;0;0;10
28;ceu_aberto;5;176,89;5;61,92;2;0;2;0;2;0;2;0;1;0;2;0;1;0;2;0;0;10
29;parcialmente_nublado;5;176,89;5;61,91;2;0;2;0;2;0;2;0;1;0;2;0;1;0;2;0;0;10
30;ceu_aberto;5;176,91;5;61,91;2;0;2;0;2;0;2;0;1;0;2;0;1;0;2;0;0;10
31;parcialmente_nublado;5;176,9;5;61,92;2;0;2;0;2;0;2;0;1;0;2;0;1;0;2;0;0;10
32;ceu_aberto;5;176,91;5;61,92;2;0;2;0;2;0;2;0;1;0;2;0;1;0;2;0;0;10
33;ceu_aberto;5;176,89;5;61,910000000000004;2;0;2;0;2;0;2;0;1;0;2;0;1;0;2;0;0;10
34;ceu_aberto;5;176,9;5;61,92;2;0;2;0;2;0;2;0;1;0;2;0;1;0;2;0;0;10
35;ceu_aberto;5;176,9;5;61,91;2;0;2;0;2;0;2;0;1;0;2;0;1;0;2;0;0;10
36;ceu_aberto;5;176,91;5;61,92;2;0;2;0;2;0;2;0;1;0;2;0;1;0;2;0;0;10
37;ceu_aberto;5;176,89999999999998;5;61,910000000000004;2;0;2;0;2;0;2;0;1;0;2;0;1;0;2;0;0;10
38;parcialmente_nublado;5;176,9;5;61,92;2;0;2;0;2;0;2;0;1;0;2;0;1;0;2;0;0;10
39;ceu_aberto;5;176,91;5;61,92;2;0;2;0;2;0;2;0;1;0;2;0;1;0;2;0;0;10
40;parcialmente_nublado;5;176,91;5;61,91;2;0;2;0;2;0;2;0;1;0;2;0;1;0;2;0;0;10
41;ceu_aberto;5;176,89;5;61,91;2;0;2;0;2;0;2;0;1;0;2;0;1;0;2;0;0;10
42;nublado;5;176,9;5;61,91;1;0;2;0;2;0;2;0;1;0;2;0;1;0;2;0;0;10
43;ceu_aberto;5;176,9;5;61,92;2;0;2;0;2;0;2;0;1;0;2;0;1;0;2;0;0;10
44;parcialmente_nublado;5;176,9;5;61,91;2;0;2;0;2;0;2;0;1;0;2;0;1;0;2;0;0;10
45;ceu_aberto;5;176,9;5;61,92;2;0;2;0;2;0;2;0;1;0;2;0;1;0;2;0;0;10
46;ceu_aberto;5;176,91;5;61,91;2;0;2;0;2;0;2;0;1;0;2;0;1;0;2;0;0;10
47;parcialmente_nublado;5;176,9;5;61,92;2;0;2;0;2;0;2;0;1;0;2;0;1;0;2;0;0;10
48;nublado;5;176,9;5;61,92;2;0;2;0;2;0;2;0;1;0;2;0;1;0;2;0;0;10
49;ceu_aberto;5;176,9;5;61,92;2;0;2;0;2;0;2;0;1;0;2;0;1;0;2;0;0;10
50;ceu_aberto;5;176,9;5;61,89999999999999;2;0;2;0;2;0;2;0;1;0;2;0;1;0;2;0;0;10
1;parcialmente_nublado;5;353,8;5;123,83;1;1;1;0;2;0;2;0;1;0;1;0;1;0;2;1;0;20
2;ceu_aberto;5;353,79;5;123,83000000000001;2;0;1;0;2;0;2;0;1;0;1;0;1;0;2;0;0;20
3;parcialmente_nublado;5;353,79999999999995;5;123,83000000000001;2;0;1;0;2;0;2;0;1;0;1;0;1;0;2;0;0;20
4;ceu_aberto;5;353,8;5;123,83999999999999;2;0;1;0;2;0;2;0;1;0;1;0;1;0;2;0;0;20
5;ceu_aberto;5;353,79999999999995;5;123,83;1;0;1;0;2;0;2;0;1;0;1;0;1;0;2;0;0;20
6;parcialmente_nublado;5;353,79;5;123,83000000000001;1;0;1;0;2;0;2;0;1;0;1;0;1;0;2;0;0;20
7;nublado;5;353,79;5;123,83000000000001;1;0;1;0;2;0;2;2;1;0;1;0;1;0;2;2;0;20
8;ceu_aberto;5;353,8;5;123,82000000000001;1;0;1;0;2;0;2;0;1;0;1;0;1;0;2;0;0;20
9;ceu_aberto;5;353,8;5;123,83;1;0;1;0;2;0;2;0;1;0;1;0;1;0;2;0;0;20
10;ceu_aberto;5;353,8;5;123,83999999999999;2;0;2;0;2;0;2;0;1;0;2;0;1;0;2;0;0;20
11;ceu_aberto;5;353,79;5;123,83;2;0;1;0;2;0;2;0;1;0;1;0;1;0;2;0;0;20
12;ceu_aberto;5;353,8;5;123,83;2;0;1;0;2;0;2;0;1;0;1;0;1;0;2;0;0;20
13;ceu_aberto;5;353,8;5;123,82;2;0;1;0;2;0;2;0;1;0;1;0;1;0;2;0;0;20
14;parcialmente_nublado;5;353,79;5;123,83;1;0;1;0;2;0;2;0;1;0;1;0;1;0;2;0;0;20
15;ceu_aberto;5;353,8;5;123,83;2;0;1;0;2;0;2;0;1;0;1;0;1;0;2;0;0;20
16;ceu_aberto;5;353,8;5;123,83;1;0;2;0;2;0;2;0;1;0;2;0;1;0;2;0;0;20
17;parcialmente_nublado;5;353,79;5;123,83;1;0;1;0;2;0;2;0;1;0;1;0;1;0;2;0;0;20
18;ceu_aberto;5;353,8;5;123,82000000000001;1;0;1;0;2;0;2;0;1;0;1;0;1;0;2;0;0;20
19;parcialmente_nublado;5;353,8;5;123,83;2;0;1;0;2;0;2;0;1;0;1;0;1;0;2;0;0;20
20;ceu_aberto;5;353,79;5;123,83999999999999;2;0;1;0;2;0;2;0;1;0;1;0;1;0;2;0;0;20
21;ceu_aberto;5;353,81;5;123,82999999999998;1;2;1;0;2;0;2;0;1;0;1;0;1;0;2;2;0;20
22;parcialmente_nublado;5;353,81;5;123,83;1;0;1;0;2;0;2;0;1;0;1;0;1;0;2;0;0;20
23;ceu_aberto;5;353,8;5;123,82999999999998;2;0;1;0;2;0;2;0;1;0;1;0;1;0;2;0;0;20
24;ceu_aberto;5;353,8;5;123,83000000000001;1;0;1;0;2;0;2;0;1;0;1;0;1;0;2;0;0;20
25;ceu_aberto;5;353,79;5;123,82000000000001;1;2;1;0;2;0;2;0;1;0;1;0;1;0;2;2;0;20
26;ceu_aberto;5;353,81;5;123,83000000000001;1;2;1;0;2;0;2;0;1;0;1;0;1;0;2;2;0;20
27;nublado;5;353,81;5;123,83;1;0;1;0;2;0;2;0;1;0;1;0;1;0;2;0;0;20
28;parcialmente_nublado;5;353,79;5;123,83;1;0;1;0;2;0;2;0;1;0;1;0;1;0;2;0;0;20
29;ceu_aberto;5;353,8;5;123,83000000000001;1;2;1;0;2;0;2;0;1;0;1;0;1;0;2;2;0;20
30;nublado;5;353,8;5;123,83;1;0;1;0;2;0;2;0;1;0;1;0;1;0;2;0;0;20
31;ceu_aberto;5;353,79;5;123,84;1;0;1;0;2;0;2;0;1;0;1;0;1;0;2;0;0;20
32;nublado;5;353,8;5;123,84;1;0;1;0;2;0;2;0;1;0;1;0;1;0;2;0;0;20
33;parcialmente_nublado;5;353,79;5;123,83;1;0;1;0;2;0;2;0;1;0;1;0;1;0;2;0;0;20
34;parcialmente_nublado;5;353,8;5;123,83000000000001;1;0;1;0;2;0;2;0;1;0;1;0;1;0;2;0;0;20
35;parcialmente_nublado;5;353,8;5;123,83;1;0;1;0;2;0;2;0;1;0;1;0;1;0;2;0;0;20
36;parcialmente_nublado;5;353,79;5;123,82999999999998;1;0;1;0;2;0;2;0;1;0;1;0;1;0;2;0;0;20
37;nublado;5;353,8;5;123,82;1;0;1;0;2;0;2;2;1;0;1;0;1;0;2;2;0;20
38;ceu_aberto;5;353,79999999999995;5;123,82000000000001;2;0;1;0;2;0;2;0;1;0;1;0;1;0;2;0;0;20
39;parcialmente_nublado;5;353,79;5;123,82999999999998;1;0;1;0;2;0;2;0;1;0;1;0;1;0;2;0;0;20
40;parcialmente_nublado;5;353,8;5;123,82;1;0;1;0;2;0;2;0;1;0;1;0;1;0;2;0;0;20
41;parcialmente_nublado;5;353,79;5;123,82000000000001;1;0;1;0;2;0;2;0;1;0;1;0;1;0;2;0;0;20
42;parcialmente_nublado;5;353,8;5;123,83000000000001;1;0;1;0;2;0;2;0;1;0;1;0;1;0;2;0;0;20
43;ceu_aberto;5;353,8;5;123,83000000000001;1;2;1;0;2;0;2;0;1;0;1;0;1;0;2;2;0;20
44;ceu_aberto;5;353,8;5;123,83;2;0;1;0;2;0;2;0;1;0;1;0;1;0;2;0;0;20
45;ceu_aberto;5;353,8;5;123,83000000000001;2;0;2;0;2;0;2;0;1;0;2;0;1;0;2;0;0;20
46;parcialmente_nublado;5;353,8;5;123,83;1;0;1;0;2;0;2;0;1;0;1;0;1;0;2;0;0;20
47;ceu_aberto;5;353,8;5;123,82999999999998;2;0;2;0;2;0;2;0;1;0;2;0;1;0;2;0;0;20
48;parcialmente_nublado;5;353,8;5;123,84;2;0;1;0;2;0;2;0;1;0;1;0;1;0;2;0;0;20
49;parcialmente_nublado;5;353,8;5;123,83;1;0;1;0;2;0;2;0;1;0;1;0;1;0;2;0;0;20
50;parcialmente_nublado;5;353,8;5;123,83;1;0;2;0;2;0;2;0;1;0;2;0;1;0;2;0;0;20
1;ceu_aberto;5;530,7;5;185,75;1;6;1;6;2;0;2;0;1;6;1;0;1;0;2;0;0;30
2;ceu_aberto;5;530,7;5;185,73000000000002;1;7;1;7;2;0;2;0;1;7;1;0;1;0;2;6;0;30
3;parcialmente_nublado;5;530,69;5;185,75;1;0;1;3;2;0;2;0;1;3;1;0;1;0;2;0;0;30
4;parcialmente_nublado;5;530,7;5;185,76;1;5;1;7;2;0;2;0;1;7;1;0;1;0;2;5;0;30
5;nublado;5;530,7;5;185,73999999999998;1;0;1;0;2;0;2;0;1;0;1;0;1;0;2;0;0;30
6;parcialmente_nublado;5;530,71;5;185,74;1;0;1;0;2;0;2;0;1;0;1;0;1;0;2;0;0;30
7;parcialmente_nublado;5;530,71;5;185,75;1;5;1;6;2;0;2;0;1;6;1;0;1;0;2;0;0;30
8;ceu_aberto;5;530,7;5;185,74;1;7;1;5;2;0;2;0;1;7;1;0;1;0;2;5;0;30
9;parcialmente_nublado;5;530,7;5;185,73999999999998;1;5;1;0;2;0;2;0;1;5;1;0;1;0;2;0;0;30
10;parcialmente_nublado;5;530,7;5;185,75;1;0;1;0;2;0;2;0;1;0;1;0;1;0;2;0;0;30
11;parcialmente_nublado;5;530,7;5;185,74;1;2;1;0;2;0;2;0;1;2;1;0;1;0;2;0;0;30
12;ceu_aberto;5;530,7;5;185,73999999999998;1;7;1;7;2;0;2;0;1;7;1;0;1;0;2;7;0;30
13;ceu_aberto;5;530,7;5;185,74;1;6;1;5;2;0;2;0;1;5;1;0;1;0;2;6;0;30
14;ceu_aberto;5;530,71;5;185,74;1;5;1;7;2;0;2;0;1;7;1;0;1;0;2;4;0;30
15;ceu_aberto;5;530,7;5;185,75;1;7;1;5;2;0;2;0;1;5;1;0;1;0;2;7;0;30
16;ceu_aberto;5;530,7;5;185,74;1;6;1;5;2;0;2;0;1;5;1;0;1;0;2;6;0;30
17;parcialmente_nublado;5;530,7;5;185,75;1;0;1;1;2;0;2;0;1;1;1;0;1;0;2;0;0;30
18;parcialmente_nublado;5;530,69;5;185,74999999999997;1;6;1;6;2;0;2;0;1;6;1;0;1;0;2;4;0;30
19;parcialmente_nublado;5;530,7;5;185,73999999999998;1;3;1;5;2;0;2;0;1;5;1;0;1;0;2;0;0;30
20;parcialmente_nublado;5;530,7;5;185,74;1;2;1;7;2;0;2;0;1;7;1;0;1;0;2;2;0;30
21;parcialmente_nublado;5;530,69;5;185,73999999999998;1;5;1;5;2;0;2;0;1;5;1;0;1;0;2;0;0;30
22;ceu_aberto;5;530,7;5;185,75;1;5;1;5;2;0;2;0;1;5;1;0;1;0;2;5;0;30
23;parcialmente_nublado;5;530,71;5;185,75;1;5;1;5;2;0;2;0;1;5;1;0;1;0;2;3;0;30
24;ceu_aberto;5;530,7;5;185,76;1;5;1;4;2;0;2;0;1;5;1;0;1;0;2;0;0;30
25;ceu_aberto;5;530,7;5;185,74;1;5;1;0;2;0;2;0;1;5;1;0;1;0;2;5;0;30
26;ceu_aberto;5;530,69;5;185,75;1;7;1;5;2;0;2;0;1;7;1;0;1;0;2;5;0;30
27;parcialmente_nublado;5;530,7;5;185,74;1;5;1;0;2;0;2;0;1;5;1;0;1;0;2;0;0;30
28;ceu_aberto;5;530,7;5;185,75;1;4;1;6;2;0;2;0;1;6;1;0;1;0;2;0;0;30
29;parcialmente_nublado;5;530,71;5;185,73999999999998;1;2;1;0;2;0;2;0;1;0;1;0;1;0;2;2;0;30
30;ceu_aberto;5;530,7;5;185,75000000000003;1;6;1;6;2;0;2;0;1;6;1;0;1;0;2;5;0;30
31;parcialmente_nublado;5;530,7;5;185,73999999999998;1;0;1;0;2;0;2;0;1;0;1;0;1;0;2;0;0;30
32;ceu_aberto;5;530,71;5;185,74;1;7;1;5;2;0;2;0;1;7;1;0;1;0;2;5;0;30
33;ceu_aberto;5;530,7;5;185,74;1;7;1;5;2;0;2;0;1;7;1;0;1;0;2;5;0;30
34;ceu_aberto;5;530,71;5;185,74;1;7;1;7;2;0;2;0;1;7;1;0;1;0;2;7;0;30
35;parcialmente_nublado;5;530,7;5;185,74999999999997;1;6;1;5;2;0;2;0;1;6;1;0;1;0;2;0;0;30
36;parcialmente_nublado;5;530,71;5;185,75;1;7;1;0;2;0;2;0;1;0;1;0;1;0;2;7;0;30
37;ceu_aberto;5;530,71;5;185,73999999999998;1;5;1;7;2;0;2;0;1;7;1;0;1;0;2;1;0;30
38;ceu_aberto;5;530,7;5;185,73000000000002;1;5;1;5;2;0;2;0;1;5;1;0;1;0;2;5;0;30
39;ceu_aberto;5;530,7;5;185,75;1;5;1;5;2;0;2;0;1;5;1;0;1;0;2;5;0;30
40;nublado;5;530,7;5;185,74;1;5;1;0;2;0;2;0;1;5;1;0;1;0;2;0;0;30
41;ceu_aberto;5;530,71;5;185,75;1;7;1;7;2;0;2;0;1;7;1;0;1;0;2;5;0;30
42;parcialmente_nublado;5;530,7;5;185,75;1;0;1;0;2;0;2;0;1;0;1;0;1;0;2;0;0;30
43;parcialmente_nublado;5;530,7;5;185,75;1;4;1;0;2;0;2;0;1;4;1;0;1;0;2;0;0;30
44;ceu_aberto;5;530,7;5;185,75;1;7;1;6;2;0;2;0;1;7;1;0;1;0;2;5;0;30
45;parcialmente_nublado;5;530,71;5;185,74;1;0;1;0;2;0;2;0;1;0;1;0;1;0;2;0;0;30
46;parcialmente_nublado;5;530,69;5;185,73999999999998;1;0;1;0;2;0;2;0;1;0;1;0;1;0;2;0;0;30
47;parcialmente_nublado;5;530,7;5;185,74;1;5;1;3;2;0;2;0;1;5;1;0;1;0;2;0;0;30
48;parcialmente_nublado;5;530,71;5;185,74;1;6;1;0;2;0;2;0;1;6;1;0;1;0;2;0;0;30
49;parcialmente_nublado;5;530,7;5;185,74;1;0;1;1;2;0;2;0;1;1;1;0;1;0;2;0;0;30
50;parcialmente_nublado;5;530,7;5;185,74;1;0;1;0;2;0;2;0;1;0;1;0;1;0;2;0;0;30
1;nublado;5;707,59;5;247,66;1;5;1;0;2;0;2;0;1;5;1;0;1;0;2;5;0;40
2;ceu_aberto;5;707,6;5;247,66000000000003;1;8;1;8;2;0;2;0;1;8;1;7;1;0;2;8;0;40
3;parcialmente_nublado;5;707,6;5;247,67;1;8;1;7;2;0;2;0;1;8;1;0;1;0;2;7;0;40
4;parcialmente_nublado;5;707,6;5;247,66;1;8;1;5;2;0;2;0;1;7;1;0;1;0;2;8;0;40
5;ceu_aberto;5;707,6;5;247,66;1;8;1;8;2;0;2;0;1;8;1;3;1;0;2;8;0;40
6;ceu_aberto;5;707,6;5;247,67000000000002;1;9;1;8;2;0;2;0;1;8;1;5;1;0;2;9;0;40
7;ceu_aberto;5;707,61;5;247,66;1;8;1;8;2;0;2;0;1;8;1;5;1;0;2;8;0;40
8;ceu_aberto;5;707,6;5;247,66;1;8;1;8;2;0;2;0;1;8;1;4;1;0;2;7;0;40
9;ceu_aberto;5;707,6;5;247,66;1;8;1;8;2;0;2;0;1;8;1;0;1;0;2;8;0;40
10;parcialmente_nublado;5;707,6;5;247,65999999999997;1;9;1;7;2;0;2;0;1;9;1;0;1;0;2;7;0;40
11;parcialmente_nublado;5;707,6;5;247,65;1;7;1;7;2;0;2;0;1;7;1;5;1;0;2;7;0;40
12;ceu_aberto;5;707,6;5;247,65999999999997;1;8;1;7;2;0;2;0;1;8;1;0;1;0;2;8;0;40
13;ceu_aberto;5;707,59;5;247,67;1;8;1;8;2;0;2;0;1;8;1;3;1;0;2;8;0;40
14;parcialmente_nublado;5;707,61;5;247,66000000000003;1;7;1;8;2;0;2;0;1;8;1;0;1;0;2;7;0;40
15;parcialmente_nublado;5;707,61;5;247,66;1;8;1;7;2;0;2;0;1;8;1;0;1;0;2;8;0;40
16;ceu_aberto;5;707,61;5;247,66;1;8;1;7;2;0;2;0;1;8;1;3;1;0;2;7;0;40
17;parcialmente_nublado;5;707,6;5;247,64999999999998;1;7;1;7;2;0;2;0;1;7;1;0;1;0;2;5;0;40
18;parcialmente_nublado;5;707,6;5;247,67;1;7;1;8;2;0;2;0;1;8;1;0;1;0;2;5;0;40
19;parcialmente_nublado;5;707,6;5;247,65999999999997;1;8;1;8;2;0;2;0;1;8;1;0;1;0;2;8;0;40
20;parcialmente_nublado;5;707,6;5;247,66;1;7;1;7;2;0;2;0;1;7;1;0;1;0;2;7;0;40
21;parcialmente_nublado;5;707,59;5;247,67000000000002;1;7;1;7;2;0;2;0;1;7;1;0;1;0;2;3;0;40
22;parcialmente_nublado;5;707,59;5;247,66;1;7;1;7;2;0;2;0;1;7;1;0;1;0;2;5;0;40
23;ceu_aberto;5;707,61;5;247,67;1;9;1;8;2;0;2;0;1;8;1;7;1;0;2;9;0;40
24;ceu_aberto;5;707,6;5;247,66;1;8;1;7;2;0;2;0;1;8;1;5;1;0;2;8;0;40
25;ceu_aberto;5;707,59;5;247,65999999999997;1;8;1;7;2;0;2;0;1;8;1;5;1;0;2;8;0;40
26;parcialmente_nublado;5;707,59;5;247,64999999999998;1;8;1;7;2;0;2;0;1;7;1;0;1;0;2;8;0;40
27;ceu_aberto;5;707,61;5;247,65;1;7;1;8;2;0;2;0;1;8;1;5;1;0;2;7;0;40
28;nublado;5;707,59;5;247,66;1;7;1;0;2;0;2;0;1;7;1;0;1;0;2;0;0;40
29;ceu_aberto;5;707,6;5;247,66;1;8;1;8;2;0;2;0;1;8;1;0;1;0;2;7;0;40
30;parcialmente_nublado;5;707,61;5;247,64999999999998;1;7;1;7;2;0;2;0;1;7;1;0;1;0;2;7;0;40
31;ceu_aberto;5;707,6;5;247,66;1;8;1;7;2;0;2;0;1;8;1;4;1;0;2;8;0;40
32;ceu_aberto;5;707,59;5;247,66;1;8;1;8;2;0;2;0;1;8;1;0;1;0;2;8;0;40
33;parcialmente_nublado;5;707,5999999999999;5;247,66;1;8;1;7;2;0;2;0;1;8;1;0;1;0;2;0;0;40
34;ceu_aberto;5;707,61;5;247,66000000000003;1;8;1;8;2;0;2;0;1;8;1;3;1;0;2;7;0;40
35;ceu_aberto;5;707,6;5;247,67000000000004;1;8;1;7;2;0;2;0;1;8;1;5;1;0;2;8;0;40
36;ceu_aberto;5;707,6;5;247,66;1;8;1;8;2;0;2;0;1;8;1;4;1;0;2;7;0;40
37;ceu_aberto;5;707,6;5;247,67;1;8;1;8;2;0;2;0;1;8;1;2;1;0;2;8;0;40
38;ceu_aberto;5;707,6;5;247,66000000000003;1;8;1;9;2;0;2;0;1;9;1;5;1;0;2;7;0;40
39;ceu_aberto;5;707,61;5;247,66000000000003;1;8;1;8;2;0;2;0;1;8;1;0;1;0;2;7;0;40
40;ceu_aberto;5;707,6;5;247,66;1;9;1;8;2;0;2;0;1;8;1;0;1;0;2;9;0;40
41;parcialmente_nublado;5;707,6;5;247,65999999999997;1;8;1;8;2;0;2;0;1;8;1;0;1;0;2;8;0;40
42;ceu_aberto;5;707,61;5;247,67000000000002;1;8;1;7;2;0;2;0;1;8;1;2;1;0;2;7;0;40
43;ceu_aberto;5;707,6;5;247,64999999999998;1;8;1;7;2;0;2;0;1;8;1;5;1;0;2;7;0;40
44;ceu_aberto;5;707,61;5;247,66;1;8;1;8;2;0;2;0;1;8;1;1;1;0;2;7;0;40
45;ceu_aberto;5;707,6;5;247,67;1;8;1;8;2;0;2;0;1;8;1;5;1;0;2;8;0;40
46;ceu_aberto;5;707,6;5;247,66000000000003;1;7;1;8;2;0;2;0;1;8;1;0;1;0;2;7;0;40
47;nublado;5;707,6;5;247,65;1;7;1;0;2;0;2;0;1;0;1;0;1;0;2;7;0;40
48;ceu_aberto;5;707,59;5;247,67;1;9;1;8;2;0;2;0;1;8;1;5;1;0;2;9;0;40
49;ceu_aberto;5;707,6;5;247,65;1;8;1;7;2;0;2;0;1;8;1;5;1;0;2;7;0;40
50;nublado;5;707,59;5;247,66;1;8;1;0;2;0;2;0;1;0;1;0;1;0;2;8;0;40
1;parcialmente_nublado;5;884,5;5;309,58;1;9;1;9;2;0;2;2;1;9;1;0;1;0;2;11;0;50
2;parcialmente_nublado;5;884,5;5;309,58;1;8;1;9;2;0;2;0;1;9;1;0;1;0;2;8;0;50
3;parcialmente_nublado;5;884,5;5;309,58;1;9;1;8;2;0;2;2;1;9;1;7;1;0;2;11;0;50
4;parcialmente_nublado;5;884,5;5;309,57;1;9;1;7;2;0;2;0;1;9;1;3;1;0;2;7;0;50
5;parcialmente_nublado;5;884,5;5;309,58;1;9;1;9;2;0;2;0;1;9;1;0;1;0;2;9;0;50
6;parcialmente_nublado;5;884,49;5;309,58000000000004;1;8;1;9;2;0;2;2;1;9;1;0;1;0;2;10;0;50
7;parcialmente_nublado;5;884,51;5;309,57;1;9;1;9;2;0;2;2;1;9;1;0;1;0;2;11;0;50
8;parcialmente_nublado;5;884,49;5;309,57;1;9;1;7;2;0;2;2;1;9;1;7;1;0;2;10;0;50
9;ceu_aberto;5;884,51;5;309,57;1;9;1;9;2;0;2;0;1;9;1;8;1;0;2;9;0;50
10;parcialmente_nublado;5;884,5;5;309,57000000000005;1;8;1;9;2;0;2;0;1;9;1;5;1;0;2;7;0;50
11;nublado;5;884,5;5;309,58;1;7;1;6;2;0;2;0;1;7;1;6;1;0;2;7;0;50
12;ceu_aberto;5;884,5;5;309,58;1;9;1;9;2;0;2;0;1;9;1;7;1;0;2;9;0;50
13;ceu_aberto;5;884,5;5;309,58;1;9;1;8;2;0;2;0;1;9;1;7;1;0;2;9;0;50
14;ceu_aberto;5;884,5;5;309,56;1;9;1;9;2;0;2;0;1;9;1;7;1;0;2;9;0;50
15;nublado;5;884,51;5;309,58;1;7;1;7;2;0;2;0;1;7;1;0;1;0;2;7;0;50
16;ceu_aberto;5;884,51;5;309,58;1;9;1;9;2;0;2;0;1;9;1;7;1;0;2;9;0;50
17;parcialmente_nublado;5;884,5;5;309,57;1;9;1;9;2;0;2;0;1;9;1;5;1;0;2;9;0;50
18;nublado;5;884,5;5;309,57;1;9;1;9;2;0;2;0;1;9;1;0;1;0;2;9;0;50
19;parcialmente_nublado;5;884,51;5;309,57000000000005;1;9;1;8;2;0;2;0;1;9;1;5;1;0;2;7;0;50
20;nublado;5;884,51;5;309,57;1;9;1;0;2;0;2;0;1;9;1;0;1;0;2;9;0;50
21;ceu_aberto;5;884,5;5;309,58;1;9;1;9;2;0;2;0;1;9;1;8;1;0;2;9;0;50
22;ceu_aberto;5;884,5;5;309,56;1;9;1;9;2;0;2;0;1;9;1;7;1;0;2;9;0;50
23;parcialmente_nublado;5;884,5;5;309,58;1;9;1;7;2;0;2;0;1;7;1;0;1;0;2;9;0;50
24;parcialmente_nublado;5;884,5;5;309,58;1;8;1;7;2;0;2;0;1;8;1;0;1;0;2;8;0;50
25;parcialmente_nublado;5;884,5;5;309,57000000000005;1;9;1;8;2;0;2;2;1;9;1;0;1;0;2;11;0;50
26;nublado;5;884,5;5;309,58;1;9;1;7;2;0;2;0;1;9;1;0;1;0;2;9;0;50
27;ceu_aberto;5;884,5;5;309,58;1;9;1;9;2;0;2;0;1;9;1;7;1;0;2;9;0;50
28;ceu_aberto;5;884,51;5;309,57;1;9;1;8;2;0;2;0;1;9;1;7;1;0;2;9;0;50
29;parcialmente_nublado;5;884,51;5;309,58;1;9;1;7;2;0;2;2;1;9;1;1;1;0;2;11;0;50
30;parcialmente_nublado;5;884,51;5;309,58000000000004;1;9;1;8;2;0;2;2;1;9;1;5;1;0;2;10;0;50
31;ceu_aberto;5;884,5;5;309,58000000000004;1;9;1;9;2;0;2;0;1;9;1;7;1;0;2;9;0;50
32;ceu_aberto;5;884,5;5;309,58000000000004;1;9;1;9;2;0;2;0;1;9;1;7;1;0;2;9;0;50
33;nublado;5;884,51;5;309,58;1;9;1;7;2;0;2;0;1;7;1;0;1;0;2;9;0;50
34;parcialmente_nublado;5;884,5;5;309,58;1;9;1;8;2;0;2;2;1;9;1;3;1;0;2;10;0;50
35;ceu_aberto;5;884,5;5;309,58000000000004;1;9;1;8;2;0;2;0;1;9;1;7;1;0;2;9;0;50
36;ceu_aberto;5;884,5;5;309,58;1;9;1;9;2;0;2;0;1;9;1;7;1;0;2;9;0;50
37;ceu_aberto;5;884,51;5;309,58;1;9;1;9;2;0;2;0;1;9;1;7;1;0;2;9;0;50
38;parcialmente_nublado;5;884,49;5;309,58000000000004;1;9;1;9;2;0;2;2;1;9;1;0;1;0;2;11;0;50
39;ceu_aberto;5;884,5;5;309,57;1;9;1;9;2;0;2;0;1;9;1;7;1;0;2;9;0;50
40;ceu_aberto;5;884,5;5;309,57;1;9;1;9;2;0;2;0;1;9;1;8;1;0;2;9;0;50
41;parcialmente_nublado;5;884,5;5;309,58;1;9;1;7;2;0;2;2;1;9;1;0;1;0;2;11;0;50
42;ceu_aberto;5;884,5;5;309,57;1;9;1;8;2;0;2;0;1;9;1;7;1;0;2;9;0;50
43;parcialmente_nublado;5;884,5;5;309,56;1;9;1;9;2;0;2;0;1;9;1;5;1;0;2;9;0;50
44;ceu_aberto;5;884,5;5;309,57;1;9;1;9;2;0;2;0;1;9;1;7;1;0;2;9;0;50
45;parcialmente_nublado;5;884,49;5;309,58;1;9;1;9;2;0;2;2;1;9;1;0;1;0;2;10;0;50
46;ceu_aberto;5;884,49;5;309,58;1;9;1;9;2;0;2;0;1;9;1;8;1;0;2;9;0;50
47;ceu_aberto;5;884,49;5;309,58;1;9;1;9;2;0;2;0;1;9;1;7;1;0;2;9;0;50
48;parcialmente_nublado;5;884,5;5;309,57;1;9;1;8;2;0;2;2;1;8;1;0;1;0;2;11;0;50
49;parcialmente_nublado;5;884,5;5;309,58000000000004;1;9;1;9;2;0;2;2;1;9;1;7;1;0;2;10;0;50
50;ceu_aberto;5;884,49;5;309,57;1;9;1;9;2;0;2;0;1;9;1;7;1;0;2;9;0;50
1;ceu_aberto;5;1061,4;5;371,47999999999996;1;9;1;9;2;0;2;0;1;9;1;8;1;0;2;9;0;60
2;ceu_aberto;5;1061,4;5;371,49;1;9;1;9;2;0;2;0;1;9;1;8;1;0;2;9;0;60
3;parcialmente_nublado;5;1061,39;5;371,49;1;9;1;9;2;0;2;2;1;9;1;7;1;0;2;11;0;60
4;parcialmente_nublado;5;1061,39;5;371,48;1;9;1;9;2;0;2;2;1;9;1;7;1;0;2;11;0;60
5;parcialmente_nublado;5;1061,4;5;371,48;1;9;1;9;2;0;2;2;1;9;1;7;1;0;2;11;0;60
6;parcialmente_nublado;5;1061,39;5;371,49;1;9;1;8;2;0;2;2;1;9;1;6;1;0;2;10;0;60
7;ceu_aberto;5;1061,4;5;371,48;1;9;1;9;2;0;2;0;1;9;1;8;1;0;2;9;0;60
8;ceu_aberto;5;1061,4;5;371,48;1;9;1;9;2;0;2;0;1;9;1;9;1;0;2;9;0;60
9;ceu_aberto;5;1061,4;5;371,48;1;9;1;9;2;0;2;0;1;9;1;9;1;0;2;9;0;60
10;ceu_aberto;5;1061,4;5;371,49;1;9;1;9;2;0;2;0;1;9;1;9;1;0;2;9;0;60
11;parcialmente_nublado;5;1061,39;5;371,49;1;9;1;8;2;0;2;0;1;9;1;7;1;0;2;9;0;60
12;parcialmente_nublado;5;1061,39;5;371,48;1;9;1;9;2;0;2;0;1;9;1;2;1;0;2;9;0;60
13;ceu_aberto;5;1061,4;5;371,49;1;9;1;9;2;0;2;2;1;9;1;8;1;0;2;11;0;60
14;ceu_aberto;5;1061,4;5;371,48;1;9;1;9;2;0;2;0;1;9;1;8;1;0;2;9;0;60
15;ceu_aberto;5;1061,4;5;371,49;1;9;1;9;2;0;2;0;1;9;1;8;1;0;2;9;0;60
16;nublado;5;1061,41;5;371,49;1;9;1;7;2;0;2;0;1;7;1;0;1;0;2;9;0;60
17;parcialmente_nublado;5;1061,4;5;371,49;1;9;1;8;2;0;2;2;1;8;1;0;1;0;2;11;0;60
18;parcialmente_nublado;5;1061,4;5;371,49000000000007;1;9;1;9;2;0;2;0;1;9;1;7;1;0;2;9;0;60
19;ceu_aberto;5;1061,4;5;371,5;1;9;1;9;2;0;2;0;1;9;1;9;1;0;2;9;0;60
20;ceu_aberto;5;1061,41;5;371,49;1;9;1;9;2;0;2;0;1;9;1;9;1;0;2;9;0;60
21;ceu_aberto;5;1061,4;5;371,49;1;9;1;9;2;0;2;0;1;9;1;8;1;0;2;9;0;60
22;ceu_aberto;5;1061,4;5;371,48;1;9;1;9;2;0;2;0;1;9;1;9;1;0;2;9;0;60
23;parcialmente_nublado;5;1061,39;5;371,49;1;9;1;9;2;0;2;2;1;9;1;7;1;0;2;11;0;60
24;ceu_aberto;5;1061,4;5;371,49;1;9;1;9;2;0;2;0;1;9;1;7;1;0;2;9;0;60
25;parcialmente_nublado;5;1061,4;5;371,48;1;9;1;9;2;0;2;2;1;9;1;8;1;0;2;11;0;60
26;ceu_aberto;5;1061,4;5;371,47999999999996;1;9;1;9;2;0;2;0;1;9;1;8;1;0;2;9;0;60
27;ceu_aberto;5;1061,4;5;371,48;1;11;1;12;2;0;2;0;1;12;1;9;1;0;2;9;0;60
28;nublado;5;1061,41;5;371,49;1;9;1;9;2;0;2;0;1;9;1;5;1;0;2;9;0;60
29;ceu_aberto;5;1061,4;5;371,5;1;9;1;9;2;0;2;0;1;9;1;8;1;0;2;9;0;60
30;ceu_aberto;5;1061,4;5;371,49;1;9;1;9;2;0;2;0;1;9;1;8;1;0;2;9;0;60
31;ceu_aberto;5;1061,4;5;371,49;1;9;1;9;2;0;2;0;1;9;1;8;1;0;2;9;0;60
32;ceu_aberto;5;1061,41;5;371,49;1;9;1;14;2;0;2;0;1;14;1;8;1;0;2;9;0;60
33;ceu_aberto;5;1061,41;5;371,47999999999996;1;9;1;9;2;0;2;0;1;9;1;8;1;0;2;9;0;60
34;parcialmente_nublado;5;1061,4;5;371,49;1;9;1;9;2;0;2;2;1;9;1;7;1;0;2;11;0;60
35;parcialmente_nublado;5;1061,41;5;371,49;1;9;1;9;2;0;2;0;1;9;1;7;1;0;2;9;0;60
36;ceu_aberto;5;1061,39;5;371,5;1;9;1;9;2;0;2;0;1;9;1;9;1;0;2;9;0;60
37;ceu_aberto;5;1061,4;5;371,48;1;9;1;9;2;0;2;0;1;9;1;9;1;0;2;9;0;60
38;ceu_aberto;5;1061,4;5;371,49;1;9;1;9;2;0;2;0;1;9;1;8;1;0;2;9;0;60
39;ceu_aberto;5;1061,4;5;371,49;1;9;1;9;2;0;2;0;1;9;1;8;1;0;2;9;0;60
40;ceu_aberto;5;1061,4;5;371,49;1;9;1;9;2;0;2;0;1;9;1;7;1;0;2;9;0;60
41;ceu_aberto;5;1061,4;5;371,49;1;9;1;9;2;0;2;0;1;9;1;8;1;0;2;9;0;60
42;ceu_aberto;5;1061,39;5;371,5;1;10;1;9;2;0;2;0;1;9;1;9;1;0;2;10;0;60
43;ceu_aberto;5;1061,4;5;371,49;1;9;1;9;2;0;2;0;1;9;1;7;1;0;2;9;0;60
44;nublado;5;1061,41;5;371,5;1;8;1;5;2;0;2;0;1;7;1;0;1;0;2;8;0;60
45;nublado;5;1061,4;5;371,49;1;8;1;7;2;0;2;0;1;8;1;0;1;0;2;8;0;60
46;ceu_aberto;5;1061,4;5;371,49;1;9;1;9;2;0;2;2;1;9;1;8;1;0;2;11;0;60
47;ceu_aberto;5;1061,4;5;371,49;1;9;1;9;2;0;2;0;1;9;1;8;1;0;2;9;0;60
48;ceu_aberto;5;1061,39;5;371,49;1;9;1;9;2;0;2;0;1;9;1;9;1;0;2;9;0;60
49;parcialmente_nublado;5;1061,4;5;371,5;1;9;1;9;2;0;2;0;1;9;1;8;1;0;2;9;0;60
50;nublado;5;1061,4;5;371,5;1;9;1;9;2;0;2;0;1;9;1;5;1;0;2;9;0;60
1;ceu_aberto;5;1238,3;5;433,4;1;9;1;9;2;0;2;2;1;9;1;9;1;0;2;11;0;70
2;parcialmente_nublado;5;1238,3;5;433,4;1;11;1;9;2;0;2;0;1;11;1;7;1;0;2;9;0;70
3;parcialmente_nublado;5;1238,31;5;433,4;1;10;1;9;2;0;2;0;1;10;1;9;1;0;2;9;0;70
4;parcialmente_nublado;5;1238,31;5;433,41;1;9;1;11;2;0;2;0;1;11;1;7;1;0;2;9;0;70
5;nublado;5;1238,29;5;433,4;1;9;1;8;2;0;2;0;1;9;1;7;1;0;2;9;0;70
6;ceu_aberto;5;1238,31;5;433,41;1;9;1;9;2;0;2;2;1;9;1;9;1;0;2;11;0;70
7;parcialmente_nublado;5;1238,29;5;433,41;1;9;1;9;2;0;2;0;1;9;1;7;1;0;2;9;0;70
8;parcialmente_nublado;5;1238,29;5;433,40999999999997;1;9;1;9;2;0;2;0;1;9;1;8;1;0;2;9;0;70
9;parcialmente_nublado;5;1238,31;5;433,42;1;11;1;8;2;0;2;0;1;11;1;8;1;0;2;9;0;70
10;ceu_aberto;5;1238,3;5;433,4;1;9;1;10;2;1;2;2;1;9;1;10;1;1;2;11;0;70
11;ceu_aberto;5;1238,31;5;433,41;1;9;1;9;2;0;2;2;1;9;1;9;1;0;2;11;0;70
12;nublado;5;1238,3;5;433,40999999999997;1;9;1;7;2;0;2;0;1;9;1;7;1;0;2;9;0;70
13;nublado;5;1238,3;5;433,4;1;9;1;8;2;0;2;0;1;9;1;8;1;0;2;8;0;70
14;parcialmente_nublado;5;1238,3;5;433,41;1;9;1;9;2;0;2;0;1;9;1;8;1;0;2;9;0;70
15;nublado;5;1238,29;5;433,40999999999997;1;9;1;9;2;0;2;0;1;9;1;7;1;0;2;9;0;70
16;ceu_aberto;5;1238,29;5;433,40999999999997;1;10;1;9;2;0;2;2;1;10;1;9;1;0;2;11;0;70
17;ceu_aberto;5;1238,29;5;433,4;1;9;1;10;2;0;2;2;1;10;1;9;1;0;2;11;0;70
18;ceu_aberto;5;1238,31;5;433,40999999999997;1;11;1;9;2;0;2;2;1;9;1;8;1;0;2;13;0;70
19;ceu_aberto;5;1238,31;5;433,40999999999997;1;15;1;9;2;0;2;2;1;9;1;9;1;0;2;17;0;70
20;ceu_aberto;5;1238,3;5;433,4;1;14;1;11;2;0;2;2;1;11;1;8;1;0;2;16;0;70
21;ceu_aberto;5;1238,31;5;433,41;1;11;1;9;2;0;2;2;1;11;1;9;1;0;2;11;0;70
22;ceu_aberto;5;1238,3;5;433,4;1;14;1;9;2;0;2;2;1;11;1;8;1;0;2;14;0;70
23;nublado;5;1238,3;5;433,40999999999997;1;9;1;9;2;0;2;0;1;9;1;8;1;0;2;9;0;70
24;parcialmente_nublado;5;1238,3;5;433,41;1;9;1;9;2;0;2;2;1;9;1;7;1;0;2;11;0;70
25;ceu_aberto;5;1238,3;5;433,40000000000003;1;11;1;11;2;0;2;2;1;12;1;8;1;0;2;12;0;70
26;parcialmente_nublado;5;1238,3;5;433,4;1;9;1;8;2;0;2;0;1;9;1;7;1;0;2;9;0;70
27;nublado;5;1238,3;5;433,40999999999997;1;9;1;8;2;0;2;0;1;9;1;7;1;0;2;9;0;70
28;nublado;5;1238,3;5;433,4;1;9;1;9;2;0;2;0;1;9;1;3;1;0;2;9;0;70
29;ceu_aberto;5;1238,3;5;433,4;1;9;1;9;2;0;2;2;1;9;1;9;1;0;2;11;0;70
30;parcialmente_nublado;5;1238,3;5;433,40999999999997;1;9;1;9;2;0;2;0;1;9;1;7;1;0;2;9;0;70
31;parcialmente_nublado;5;1238,3;5;433,40000000000003;1;9;1;9;2;0;2;0;1;9;1;7;1;0;2;9;0;70
32;nublado;5;1238,3;5;433,41;1;9;1;9;2;0;2;0;1;9;1;7;1;0;2;9;0;70
33;ceu_aberto;5;1238,3;5;433,39;1;11;1;9;2;0;2;0;1;9;1;9;1;0;2;11;0;70
34;parcialmente_nublado;5;1238,3;5;433,4000000000001;1;9;1;9;2;0;2;0;1;9;1;8;1;0;2;9;0;70
35;parcialmente_nublado;5;1238,31;5;433,4100000000001;1;11;1;9;2;0;2;0;1;9;1;7;1;0;2;11;0;70
36;ceu_aberto;5;1238,3;5;433,4;1;9;1;9;2;0;2;2;1;9;1;8;1;0;2;11;0;70
37;nublado;5;1238,3;5;433,4;1;9;1;8;2;0;2;0;1;9;1;5;1;0;2;8;0;70
38;ceu_aberto;5;1238,3;5;433,40999999999997;1;16;1;11;2;0;2;2;1;16;1;9;1;0;2;11;0;70
39;ceu_aberto;5;1238,31;5;433,39000000000004;1;9;1;9;2;0;2;2;1;9;1;9;1;0;2;11;0;70
40;ceu_aberto;5;1238,3;5;433,40999999999997;1;10;1;9;2;0;2;2;1;9;1;9;1;0;2;12;0;70
41;ceu_aberto;5;1238,31;5;433,40999999999997;1;11;1;9;2;0;2;2;1;10;1;9;1;0;2;13;0;70
42;nublado;5;1238,3;5;433,39;1;9;1;8;2;0;2;0;1;9;1;5;1;0;2;9;0;70
43;parcialmente_nublado;5;1238,3;5;433,41999999999996;1;9;1;11;2;0;2;0;1;11;1;7;1;0;2;9;0;70
44;parcialmente_nublado;5;1238,29;5;433,40000000000003;1;13;1;8;2;0;2;0;1;9;1;8;1;0;2;13;0;70
45;parcialmente_nublado;5;1238,3;5;433,42;1;9;1;9;2;0;2;0;1;9;1;5;1;0;2;9;0;70
46;ceu_aberto;5;1238,3;5;433,4;1;11;1;9;2;0;2;2;1;9;1;9;1;0;2;13;0;70
47;nublado;5;1238,3;5;433,4;1;9;1;9;2;0;2;0;1;9;1;8;1;0;2;9;0;70
48;ceu_aberto;5;1238,3;5;433,40999999999997;1;16;1;10;2;0;2;2;1;16;1;9;1;0;2;12;0;70
49;ceu_aberto;5;1238,3;5;433,41;1;9;1;9;2;0;2;0;1;9;1;8;1;0;2;9;0;70
50;parcialmente_nublado;5;1238,3;5;433,40999999999997;1;9;1;9;2;0;2;0;1;9;1;7;1;0;2;9;0;70
1;parcialmente_nublado;5;1415,19;5;495,32;1;14;1;11;2;6;2;0;1;14;1;7;1;6;2;9;0;80
2;ceu_aberto;5;1415,2;5;495,32;1;11;1;14;2;5;2;0;1;14;1;9;1;5;2;9;0;80
3;nublado;5;1415,2;5;495,32000000000005;1;9;1;9;2;5;2;0;1;9;1;9;1;5;2;8;0;80
4;parcialmente_nublado;5;1415,21;5;495,3299999999999;1;9;1;9;2;5;2;0;1;9;1;7;1;5;2;9;0;80
5;ceu_aberto;5;1415,2;5;495,32;1;11;1;9;2;5;2;0;1;10;1;9;1;5;2;11;0;80
6;parcialmente_nublado;5;1415,19;5;495,32;1;14;1;9;2;5;2;0;1;14;1;8;1;5;2;9;0;80
7;ceu_aberto;5;1415,19;5;495,31;1;11;1;11;2;5;2;2;1;11;1;9;1;5;2;13;0;80
8;parcialmente_nublado;5;1415,2;5;495,32000000000005;1;13;1;11;2;5;2;0;1;13;1;9;1;5;2;11;0;80
9;parcialmente_nublado;5;1415,19;5;495,33000000000004;1;11;1;11;2;5;2;0;1;11;1;9;1;5;2;11;0;80
10;ceu_aberto;5;1415,19;5;495,32;1;18;1;13;2;5;2;2;1;17;1;10;1;5;2;14;0;80
11;ceu_aberto;5;1415,2;5;495,32000000000005;1;12;1;16;2;5;2;2;1;16;1;9;1;5;2;14;0;80
12;ceu_aberto;5;1415,19;5;495,32;1;13;1;18;2;5;2;2;1;18;1;9;1;5;2;12;0;80
13;parcialmente_nublado;5;1415,21;5;495,32000000000005;1;9;1;9;2;5;2;0;1;9;1;8;1;5;2;9;0;80
14;nublado;5;1415,19;5;495,32000000000005;1;11;1;8;2;5;2;0;1;8;1;8;1;5;2;11;0;80
15;ceu_aberto;5;1415,2;5;495,31;1;11;1;13;2;5;2;2;1;13;1;9;1;5;2;13;0;80
16;ceu_aberto;5;1415,21;5;495,31999999999994;1;11;1;9;2;5;2;2;1;11;1;9;1;5;2;13;0;80
17;parcialmente_nublado;5;1415,2;5;495,32;1;18;1;9;2;5;2;0;1;18;1;9;1;5;2;14;0;80
18;parcialmente_nublado;5;1415,21;5;495,30999999999995;1;9;1;9;2;5;2;2;1;9;1;7;1;5;2;11;0;80
19;ceu_aberto;5;1415,1999999999998;5;495,30999999999995;1;18;1;15;2;5;2;2;1;17;1;14;1;5;2;20;0;80
20;parcialmente_nublado;5;1415,21;5;495,32;1;15;1;9;2;5;2;0;1;9;1;8;1;5;2;15;0;80
21;parcialmente_nublado;5;1415,2;5;495,31000000000006;1;12;1;9;2;5;2;0;1;12;1;9;1;5;2;9;0;80
22;ceu_aberto;5;1415,2;5;495,32;1;11;1;9;2;5;2;2;1;9;1;9;1;5;2;13;0;80
23;parcialmente_nublado;5;1415,21;5;495,32;1;16;1;9;2;5;2;0;1;16;1;8;1;5;2;9;0;80
24;parcialmente_nublado;5;1415,2;5;495,32000000000005;1;11;1;14;2;5;2;0;1;14;1;8;1;5;2;11;0;80
25;ceu_aberto;5;1415,2;5;495,32;1;11;1;18;2;5;2;2;1;18;1;9;1;5;2;13;0;80
26;ceu_aberto;5;1415,19;5;495,32;1;11;1;9;2;4;2;2;1;11;1;9;1;4;2;13;0;80
27;nublado;5;1415,2;5;495,32000000000005;1;9;1;9;2;5;2;0;1;9;1;6;1;5;2;9;0;80
28;ceu_aberto;5;1415,2;5;495,33000000000004;1;13;1;12;2;5;2;0;1;13;1;9;1;5;2;11;0;80
29;parcialmente_nublado;5;1415,2;5;495,32;1;9;1;16;2;5;2;0;1;16;1;9;1;5;2;9;0;80
30;nublado;5;1415,2;5;495,32;1;11;1;9;2;5;2;0;1;11;1;7;1;5;2;9;0;80
31;ceu_aberto;5;1415,2;5;495,32000000000005;1;16;1;9;2;5;2;2;1;16;1;9;1;5;2;18;0;80
32;nublado;5;1415,2;5;495,32;1;9;1;9;2;5;2;0;1;9;1;9;1;5;2;9;0;80
33;nublado;5;1415,21;5;495,32000000000005;1;11;1;9;2;5;2;0;1;11;1;7;1;5;2;9;0;80
34;parcialmente_nublado;5;1415,19;5;495,32;1;11;1;9;2;6;2;0;1;11;1;8;1;6;2;9;0;80
35;ceu_aberto;5;1415,2;5;495,32000000000005;1;11;1;11;2;5;2;0;1;11;1;9;1;5;2;9;0;80
36;parcialmente_nublado;5;1415,21;5;495,32;1;13;1;9;2;5;2;0;1;11;1;7;1;5;2;11;0;80
37;ceu_aberto;5;1415,2;5;495,31000000000006;1;11;1;16;2;5;2;0;1;16;1;9;1;5;2;11;0;80
38;parcialmente_nublado;5;1415,2;5;495,32000000000005;1;9;1;9;2;5;2;0;1;9;1;8;1;5;2;9;0;80
39;nublado;5;1415,21;5;495,32000000000005;1;16;1;8;2;5;2;0;1;11;1;7;1;5;2;16;0;80
40;nublado;5;1415,2;5;495,32;1;9;1;9;2;5;2;0;1;9;1;7;1;5;2;9;0;80
41;parcialmente_nublado;5;1415,19;5;495,33000000000004;1;11;1;10;2;5;2;0;1;12;1;9;1;5;2;9;0;80
42;ceu_aberto;5;1415,2;5;495,31;1;12;1;11;2;5;2;2;1;11;1;8;1;5;2;14;0;80
43;parcialmente_nublado;5;1415,2;5;495,31999999999994;1;18;1;9;2;5;2;0;1;18;1;8;1;5;2;9;0;80
44;parcialmente_nublado;5;1415,2;5;495,32;1;11;1;11;2;5;2;0;1;11;1;9;1;5;2;11;0;80
45;ceu_aberto;5;1415,21;5;495,32;1;16;1;9;2;5;2;0;1;11;1;9;1;5;2;16;0;80
46;parcialmente_nublado;5;1415,2;5;495,31000000000006;1;11;1;13;2;5;2;2;1;13;1;8;1;5;2;13;0;80
47;ceu_aberto;5;1415,2;5;495,32;1;14;1;9;2;5;2;0;1;11;1;9;1;5;2;14;0;80
48;parcialmente_nublado;5;1415,19;5;495,32;1;11;1;9;2;5;2;0;1;11;1;9;1;5;2;11;0;80
49;parcialmente_nublado;5;1415,19;5;495,32;1;11;1;11;2;5;2;0;1;11;1;8;1;5;2;11;0;80
50;nublado;5;1415,19;5;495,32000000000005;1;10;1;9;2;5;2;0;1;8;1;9;1;5;2;10;0;80
1;parcialmente_nublado;5;1592,11;5;557,23;1;18;1;18;2;7;2;0;1;18;1;9;1;7;2;9;0;90
2;nublado;5;1592,1;5;557,23;1;9;1;9;2;7;2;0;1;9;1;9;1;7;2;9;0;90
3;ceu_aberto;5;1592,1;5;557,24;1;24;1;23;2;7;2;0;1;23;1;9;1;7;2;24;0;90
4;ceu_aberto;5;1592,1;5;557,23;1;19;1;18;2;7;2;0;1;19;1;9;1;7;2;18;0;90
5;nublado;5;1592,1;5;557,23;1;11;1;9;2;7;2;0;1;11;1;9;1;7;2;11;0;90
6;parcialmente_nublado;5;1592,1;5;557,24;1;21;1;23;2;7;2;0;1;23;1;9;1;7;2;21;0;90
7;parcialmente_nublado;5;1592,1;5;557,24;1;12;1;9;2;7;2;0;1;12;1;9;1;7;2;9;0;90
8;parcialmente_nublado;5;1592,1;5;557,24;1;12;1;9;2;7;2;0;1;12;1;9;1;7;2;9;0;90
9;ceu_aberto;5;1592,1;5;557,23;1;21;1;11;2;7;2;2;1;18;1;9;1;7;2;23;0;90
10;ceu_aberto;5;1592,11;5;557,2299999999999;1;27;1;11;2;7;2;0;1;21;1;9;1;7;2;27;0;90
11;nublado;5;1592,1;5;557,23;1;10;1;9;2;7;2;0;1;9;1;9;1;7;2;10;0;90
12;parcialmente_nublado;5;1592,09;5;557,24;1;9;1;11;2;7;2;0;1;11;1;8;1;7;2;9;0;90
13;parcialmente_nublado;5;1592,09;5;557,22;1;11;1;11;2;7;2;0;1;11;1;9;1;7;2;11;0;90
14;parcialmente_nublado;5;1592,1;5;557,23;1;24;1;9;2;7;2;0;1;9;1;8;1;7;2;24;0;90
15;ceu_aberto;5;1592,11;5;557,22;1;13;1;12;2;7;2;0;1;13;1;9;1;7;2;12;0;90
16;ceu_aberto;5;1592,1;5;557,23;1;17;1;17;2;7;2;2;1;17;1;9;1;7;2;13;0;90
17;ceu_aberto;5;1592,1;5;557,23;1;13;1;9;2;7;2;2;1;12;1;9;1;7;2;15;0;90
18;ceu_aberto;5;1592,1;5;557,23;1;19;1;12;2;7;2;0;1;19;1;9;1;7;2;11;0;90
19;ceu_aberto;5;1592,1;5;557,2299999999999;1;17;1;12;2;7;2;0;1;17;1;9;1;7;2;12;0;90
20;nublado;5;1592,1;5;557,22;1;11;1;11;2;7;2;0;1;11;1;8;1;7;2;11;0;90
21;parcialmente_nublado;5;1592,1;5;557,23;1;12;1;16;2;7;2;0;1;16;1;9;1;7;2;12;0;90
22;ceu_aberto;5;1592,09;5;557,24;1;21;1;11;2;7;2;0;1;21;1;9;1;7;2;11;0;90
23;ceu_aberto;5;1592,09;5;557,25;1;12;1;21;2;7;2;0;1;21;1;11;1;7;2;11;0;90
24;parcialmente_nublado;5;1592,1;5;557,23;1;17;1;13;2;7;2;0;1;17;1;9;1;7;2;12;0;90
25;parcialmente_nublado;5;1592,1;5;557,24;1;11;1;21;2;7;2;0;1;21;1;9;1;7;2;9;0;90
26;ceu_aberto;5;1592,1;5;557,23;1;17;1;19;2;7;2;0;1;19;1;9;1;7;2;12;0;90
27;parcialmente_nublado;5;1592,11;5;557,23;1;11;1;9;2;7;2;0;1;9;1;8;1;7;2;11;0;90
28;parcialmente_nublado;5;1592,1;5;557,24;1;24;1;11;2;7;2;0;1;11;1;9;1;7;2;24;0;90
29;parcialmente_nublado;5;1592,1;5;557,24;1;11;1;11;2;7;2;0;1;11;1;9;1;7;2;11;0;90
30;nublado;5;1592,1;5;557,24;1;9;1;9;2;7;2;0;1;9;1;9;1;7;2;9;0;90
31;nublado;5;1592,1;5;557,23;1;10;1;11;2;7;2;0;1;11;1;9;1;7;2;10;0;90
32;ceu_aberto;5;1592,1;5;557,24;1;17;1;12;2;7;2;0;1;17;1;9;1;7;2;13;0;90
33;parcialmente_nublado;5;1592,1;5;557,23;1;21;1;17;2;7;2;0;1;21;1;9;1;7;2;9;0;90
34;ceu_aberto;5;1592,1;5;557,23;1;23;1;21;2;7;2;0;1;21;1;9;1;7;2;23;0;90
35;ceu_aberto;5;1592,1;5;557,23;1;23;1;23;2;7;2;0;1;23;1;9;1;7;2;23;0;90
36;nublado;5;1592,09;5;557,24;1;23;1;9;2;7;2;0;1;23;1;9;1;7;2;9;0;90
37;ceu_aberto;5;1592,1;5;557,24;1;21;1;18;2;7;2;0;1;18;1;9;1;7;2;21;0;90
38;parcialmente_nublado;5;1592,09;5;557,24;1;17;1;9;2;7;2;0;1;17;1;9;1;7;2;9;0;90
39;nublado;5;1592,11;5;557,23;1;9;1;9;2;7;2;0;1;9;1;8;1;7;2;9;0;90
40;parcialmente_nublado;5;1592,12;5;557,23;1;11;1;12;2;7;2;0;1;12;1;9;1;7;2;9;0;90
41;ceu_aberto;5;1592,11;5;557,23;1;23;1;12;2;7;2;0;1;12;1;9;1;7;2;23;0;90
42;nublado;5;1592,1;5;557,23;1;17;1;8;2;7;2;0;1;17;1;7;1;7;2;11;0;90
43;ceu_aberto;5;1592,09;5;557,24;1;17;1;13;2;7;2;2;1;13;1;9;1;7;2;19;0;90
44;ceu_aberto;5;1592,1;5;557,24;1;15;1;12;2;7;2;0;1;15;1;9;1;7;2;12;0;90
45;ceu_aberto;5;1592,09;5;557,24;1;22;1;22;2;7;2;2;1;22;1;9;1;7;2;13;0;90
46;ceu_aberto;5;1592,1;5;557,24;1;12;1;12;2;7;2;0;1;12;1;9;1;7;2;12;0;90
47;ceu_aberto;5;1592,1;5;557,22;1;24;1;9;2;7;2;0;1;12;1;9;1;7;2;24;0;90
48;ceu_aberto;5;1592,12;5;557,23;1;19;1;19;2;7;2;0;1;19;1;9;1;7;2;11;0;90
49;ceu_aberto;5;1592,1;5;557,23;1;11;1;13;2;7;2;0;1;13;1;9;1;7;2;11;0;90
50;parcialmente_nublado;5;1592,1;5;557,24;1;14;1;11;2;7;2;0;1;14;1;9;1;7;2;12;0;90
1;parcialmente_nublado;5;1769,01;5;619,1600000000001;1;12;1;15;2;7;2;0;1;15;1;9;1;7;2;12;0;100
2;ceu_aberto;5;1769,0;5;619,15;1;28;1;24;2;7;2;0;1;28;1;9;1;7;2;24;0;100
3;ceu_aberto;5;1769,01;5;619,15;1;23;1;27;2;7;2;0;1;27;1;9;1;7;2;23;0;100
4;ceu_aberto;5;1769,0;5;619,15;1;30;1;24;2;7;2;0;1;27;1;9;1;7;2;30;0;100
5;parcialmente_nublado;5;1769,01;5;619,15;1;19;1;27;2;7;2;0;1;27;1;9;1;7;2;19;0;100
6;parcialmente_nublado;5;1769,01;5;619,15;1;12;1;28;2;7;2;0;1;28;1;9;1;7;2;9;0;100
7;nublado;5;1769,01;5;619,15;1;27;1;11;2;7;2;0;1;14;1;9;1;7;2;27;0;100
8;ceu_aberto;5;1769,01;5;619,15;1;27;1;15;2;7;2;0;1;27;1;9;1;7;2;23;0;100
9;ceu_aberto;5;1769,0;5;619,15;1;27;1;24;2;7;2;0;1;27;1;9;1;7;2;24;0;100
10;ceu_aberto;5;1769,01;5;619,14;1;27;1;27;2;7;2;0;1;27;1;9;1;7;2;27;0;100
11;parcialmente_nublado;5;1769,0;5;619,15;1;23;1;14;2;7;2;0;1;23;1;9;1;7;2;11;0;100
12;parcialmente_nublado;5;1769,0;5;619,14;1;27;1;12;2;7;2;0;1;12;1;9;1;7;2;27;0;100
13;nublado;5;1769,01;5;619,15;1;10;1;9;2;7;2;0;1;9;1;9;1;7;2;10;0;100
14;parcialmente_nublado;5;1768,99;5;619,16;1;12;1;21;2;7;2;0;1;21;1;9;1;7;2;11;0;100
15;parcialmente_nublado;5;1769,0;5;619,16;1;19;1;11;2;7;2;0;1;19;1;9;1;7;2;11;0;100
16;parcialmente_nublado;5;1769,0;5;619,16;1;11;1;9;2;7;2;0;1;11;1;9;1;7;2;11;0;100
17;ceu_aberto;5;1769,0;5;619,1500000000001;1;27;1;27;2;7;2;0;1;27;1;9;1;7;2;24;0;100
18;ceu_aberto;5;1768,99;5;619,15;1;28;1;28;2;7;2;0;1;28;1;12;1;7;2;27;0;100
19;ceu_aberto;5;1769,0;5;619,15;1;27;1;27;2;7;2;0;1;27;1;9;1;7;2;27;0;100
20;parcialmente_nublado;5;1769,0;5;619,15;1;24;1;17;2;7;2;0;1;24;1;9;1;7;2;12;0;100
21;nublado;5;1769,0;5;619,15;1;11;1;9;2;7;2;0;1;11;1;9;1;7;2;11;0;100
22;ceu_aberto;5;1769,0;5;619,15;1;32;1;12;2;7;2;0;1;27;1;9;1;7;2;32;0;100
23;parcialmente_nublado;5;1769,0;5;619,14;1;11;1;11;2;7;2;0;1;11;1;9;1;7;2;11;0;100
24;ceu_aberto;5;1769,0;5;619,1600000000001;1;27;1;27;2;7;2;0;1;27;1;10;1;7;2;27;0;100
25;ceu_aberto;5;1769,0;5;619,1500000000001;1;27;1;24;2;7;2;0;1;27;1;9;1;7;2;12;0;100
26;parcialmente_nublado;5;1769,0;5;619,1600000000001;1;15;1;12;2;7;2;0;1;15;1;9;1;7;2;11;0;100
27;ceu_aberto;5;1769,0;5;619,1500000000001;1;27;1;27;2;7;2;0;1;27;1;9;1;7;2;21;0;100
28;ceu_aberto;5;1769,0;5;619,1499999999999;1;27;1;23;2;7;2;0;1;27;1;9;1;7;2;12;0;100
29;nublado;5;1769,01;5;619,1600000000001;1;10;1;16;2;7;2;0;1;16;1;9;1;7;2;9;0;100
30;parcialmente_nublado;5;1769,0;5;619,16;1;19;1;11;2;7;2;0;1;19;1;9;1;7;2;19;0;100
31;ceu_aberto;5;1769,0;5;619,1500000000001;1;27;1;24;2;7;2;0;1;27;1;9;1;7;2;27;0;100
32;nublado;5;1769,01;5;619,15;1;11;1;9;2;7;2;0;1;11;1;9;1;7;2;8;0;100
33;parcialmente_nublado;5;1769,0;5;619,15;1;27;1;11;2;7;2;0;1;27;1;9;1;7;2;11;0;100
34;parcialmente_nublado;5;1769,01;5;619,15;1;24;1;24;2;7;2;0;1;24;1;9;1;7;2;23;0;100
35;parcialmente_nublado;5;1769,01;5;619,14;1;28;1;9;2;7;2;0;1;28;1;9;1;7;2;18;0;100
36;parcialmente_nublado;5;1769,0;5;619,1500000000001;1;23;1;23;2;7;2;0;1;23;1;9;1;7;2;11;0;100
37;nublado;5;1769,0;5;619,15;1;30;1;11;2;7;2;0;1;11;1;9;1;7;2;30;0;100
38;ceu_aberto;5;1769,0;5;619,16;1;32;1;27;2;7;2;0;1;27;1;9;1;7;2;32;0;100
39;ceu_aberto;5;1769,0;5;619,1500000000001;1;27;1;24;2;7;2;0;1;27;1;9;1;7;2;24;0;100
40;ceu_aberto;5;1769,0;5;619,16;1;21;1;28;2;7;2;0;1;28;1;9;1;7;2;21;0;100
41;ceu_aberto;5;1769,0;5;619,15;1;32;1;27;2;7;2;0;1;27;1;9;1;7;2;32;0;100
42;parcialmente_nublado;5;1769,0;5;619,15;1;24;1;30;2;7;2;0;1;30;1;9;1;7;2;11;0;100
43;ceu_aberto;5;1768,99;5;619,14;1;24;1;19;2;7;2;0;1;24;1;9;1;7;2;24;0;100
44;ceu_aberto;5;1769,0;5;619,1400000000001;1;24;1;24;2;7;2;0;1;24;1;9;1;7;2;24;0;100
45;ceu_aberto;5;1768,99;5;619,1600000000001;1;27;1;12;2;7;2;0;1;27;1;11;1;7;2;17;0;100
46;ceu_aberto;5;1769,0;5;619,15;1;33;1;24;2;7;2;0;1;24;1;9;1;7;2;33;0;100
47;ceu_aberto;5;1768,99;5;619,1500000000001;1;28;1;27;2;7;2;0;1;28;1;9;1;7;2;27;0;100
48;ceu_aberto;5;1768,99;5;619,1500000000001;1;28;1;27;2;7;2;0;1;28;1;9;1;7;2;24;0;100
49;ceu_aberto;5;1769,0;5;619,15;1;30;1;30;2;7;2;0;1;30;1;9;1;7;2;27;0;100
50;parcialmente_nublado;5;1769,0;5;619,1600000000001;1;19;1;12;2;7;2;0;1;14;1;9;1;7;2;19;0;100
1;ceu_aberto;5;1945,91;5;681,0699999999999;1;33;1;33;2;8;2;0;1;33;1;16;1;8;2;33;0;110
2;ceu_aberto;5;1945,89;5;681,0600000000001;1;33;1;33;2;8;2;0;1;33;1;11;1;8;2;23;0;110
3;parcialmente_nublado;5;1945,89;5;681,0699999999999;1;27;1;23;2;8;2;0;1;24;1;9;1;8;2;27;0;110
4;ceu_aberto;5;1945,9;5;681,07;1;27;1;24;2;8;2;0;1;27;1;9;1;8;2;21;0;110
5;ceu_aberto;5;1945,91;5;681,0699999999999;1;33;1;27;2;8;2;0;1;33;1;16;1;8;2;27;0;110
6;parcialmente_nublado;5;1945,9;5;681,0699999999999;1;33;1;21;2;8;2;0;1;32;1;9;1;8;2;33;0;110
7;ceu_aberto;5;1945,91;5;681,08;1;33;1;32;2;7;2;0;1;33;1;11;1;7;2;33;0;110
8;ceu_aberto;5;1945,9;5;681,07;1;28;1;32;2;8;2;0;1;32;1;11;1;8;2;28;0;110
9;nublado;5;1945,9;5;681,07;1;32;1;11;2;8;2;0;1;14;1;7;1;8;2;32;0;110
10;ceu_aberto;5;1945,9;5;681,0699999999999;1;28;1;33;2;8;2;0;1;33;1;11;1;8;2;28;0;110
11;parcialmente_nublado;5;1945,89;5;681,0699999999999;1;32;1;11;2;9;2;0;1;19;1;9;1;9;2;32;0;110
12;ceu_aberto;5;1945,9;5;681,07;1;32;1;33;2;8;2;0;1;33;1;9;1;8;2;32;0;110
13;parcialmente_nublado;5;1945,89;5;681,0600000000001;1;23;1;33;2;8;2;0;1;33;1;9;1;8;2;23;0;110
14;ceu_aberto;5;1945,89;5;681,06;1;33;1;33;2;8;2;0;1;33;1;9;1;8;2;27;0;110
15;ceu_aberto;5;1945,9;5;681,0600000000001;1;33;1;33;2;8;2;0;1;33;1;16;1;8;2;32;0;110
16;ceu_aberto;5;1945,89;5;681,06;1;32;1;32;2;8;2;0;1;32;1;9;1;8;2;23;0;110
17;nublado;5;1945,91;5;681,06;1;18;1;13;2;8;2;2;1;13;1;9;1;8;2;20;0;110
18;parcialmente_nublado;5;1945,89;5;681,0699999999999;1;27;1;18;2;8;2;0;1;27;1;9;1;8;2;17;0;110
19;ceu_aberto;5;1945,89;5;681,0699999999999;1;33;1;27;2;8;2;0;1;33;1;9;1;8;2;32;0;110
20;parcialmente_nublado;5;1945,9;5;681,07;1;24;1;22;2;8;2;0;1;24;1;9;1;8;2;11;0;110
21;ceu_aberto;5;1945,89;5;681,0699999999999;1;29;1;32;2;8;2;0;1;32;1;11;1;8;2;29;0;110
22;ceu_aberto;5;1945,89;5;681,0699999999999;1;33;1;33;2;8;2;0;1;33;1;9;1;8;2;32;0;110
23;nublado;5;1945,9;5;681,0600000000001;1;21;1;9;2;8;2;0;1;12;1;7;1;8;2;21;0;110
24;ceu_aberto;5;1945,9;5;681,06;1;32;1;28;2;8;2;0;1;28;1;11;1;8;2;32;0;110
25;nublado;5;1945,91;5;681,07;1;14;1;11;2;8;2;0;1;13;1;8;1;8;2;14;0;110
26;parcialmente_nublado;5;1945,91;5;681,06;1;15;1;27;2;8;2;0;1;27;1;9;1;8;2;12;0;110
27;parcialmente_nublado;5;1945,91;5;681,06;1;21;1;24;2;9;2;0;1;24;1;9;1;9;2;21;0;110
28;parcialmente_nublado;5;1945,9;5;681,05;1;27;1;33;2;8;2;0;1;33;1;9;1;8;2;24;0;110
29;ceu_aberto;5;1945,89;5;681,07;1;33;1;33;2;8;2;0;1;33;1;10;1;8;2;33;0;110
30;parcialmente_nublado;5;1945,9;5;681,07;1;33;1;27;2;8;2;0;1;33;1;9;1;8;2;12;0;110
31;nublado;5;1945,9;5;681,0699999999999;1;11;1;9;2;8;2;0;1;9;1;9;1;8;2;11;0;110
32;ceu_aberto;5;1945,9;5;681,0600000000001;1;24;1;32;2;8;2;0;1;32;1;11;1;8;2;24;0;110
33;parcialmente_nublado;5;1945,9;5;681,0600000000001;1;16;1;33;2;8;2;0;1;33;1;9;1;8;2;16;0;110
34;parcialmente_nublado;5;1945,9;5;681,06;1;13;1;27;2;8;2;0;1;27;1;9;1;8;2;11;0;110
35;parcialmente_nublado;5;1945,9;5;681,0600000000001;1;23;1;11;2;8;2;0;1;14;1;9;1;8;2;23;0;110
36;parcialmente_nublado;5;1945,89;5;681,07;1;27;1;17;2;8;2;0;1;27;1;10;1;8;2;12;0;110
37;parcialmente_nublado;5;1945,9;5;681,06;1;19;1;33;2;8;2;0;1;33;1;11;1;8;2;11;0;110
38;parcialmente_nublado;5;1945,9;5;681,0699999999999;1;24;1;27;2;8;2;0;1;27;1;9;1;8;2;24;0;110
39;ceu_aberto;5;1945,89;5;681,06;1;32;1;33;2;9;2;0;1;33;1;11;1;9;2;32;0;110
40;parcialmente_nublado;5;1945,9;5;681,06;1;33;1;27;2;8;2;0;1;27;1;9;1;8;2;33;0;110
41;parcialmente_nublado;5;1945,9;5;681,06;1;23;1;24;2;8;2;0;1;24;1;9;1;8;2;23;0;110
42;parcialmente_nublado;5;1945,9;5;681,0699999999999;1;24;1;9;2;8;2;0;1;24;1;9;1;8;2;12;0;110
43;ceu_aberto;5;1945,9;5;681,06;1;33;1;27;2;9;2;0;1;33;1;11;1;9;2;33;0;110
44;ceu_aberto;5;1945,89;5;681,06;1;33;1;27;2;8;2;0;1;33;1;9;1;8;2;28;0;110
45;ceu_aberto;5;1945,9;5;681,06;1;33;1;29;2;8;2;0;1;33;1;10;1;8;2;33;0;110
46;ceu_aberto;5;1945,91;5;681,05;1;32;1;33;2;8;2;0;1;33;1;14;1;8;2;32;0;110
47;ceu_aberto;5;1945,9;5;681,0500000000001;1;33;1;33;2;8;2;0;1;33;1;9;1;8;2;32;0;110
48;ceu_aberto;5;1945,9;5;681,07;1;28;1;32;2;8;2;0;1;32;1;9;1;8;2;28;0;110
49;ceu_aberto;5;1945,9;5;681,0600000000001;1;33;1;32;2;8;2;0;1;32;1;11;1;8;2;33;0;110
50;parcialmente_nublado;5;1945,9;5;681,0600000000001;1;33;1;12;2;8;2;0;1;32;1;9;1;8;2;33;0;110
1;ceu_aberto;5;2122,79;5;742,98;1;34;1;33;2;9;2;0;1;33;1;12;1;9;2;34;0;120
2;nublado;5;2122,79;5;742,99;1;21;1;23;2;9;2;0;1;23;1;9;1;9;2;21;0;120
3;ceu_aberto;5;2122,81;5;742,99;1;33;1;33;2;9;2;0;1;33;1;12;1;9;2;33;0;120
4;nublado;5;2122,8;5;742,98;1;33;1;9;2;9;2;0;1;11;1;9;1;9;2;33;0;120
5;nublado;5;2122,8;5;742,98;1;11;1;9;2;8;2;0;1;11;1;8;1;8;2;11;0;120
6;ceu_aberto;5;2122,8;5;742,97;1;33;1;33;2;9;2;0;1;33;1;11;1;9;2;33;0;120
7;parcialmente_nublado;5;2122,8;5;742,97;1;21;1;33;2;9;2;0;1;33;1;9;1;9;2;21;0;120
8;ceu_aberto;5;2122,79;5;742,97;1;33;1;33;2;9;2;0;1;33;1;15;1;9;2;33;0;120
9;nublado;5;2122,81;5;742,98;1;22;1;16;2;9;2;0;1;16;1;9;1;9;2;22;0;120
10;parcialmente_nublado;5;2122,79;5;742,98;1;16;1;13;2;9;2;0;1;17;1;9;1;9;2;16;0;120
11;parcialmente_nublado;5;2122,81;5;742,98;1;27;1;14;2;9;2;0;1;24;1;9;1;9;2;27;0;120
12;parcialmente_nublado;5;2122,8;5;742,98;1;34;1;34;2;9;2;0;1;34;1;9;1;9;2;33;0;120
13;parcialmente_nublado;5;2122,8;5;742,9799999999999;1;32;1;33;2;9;2;0;1;33;1;9;1;9;2;28;0;120
14;parcialmente_nublado;5;2122,8;5;742,98;1;33;1;33;2;9;2;0;1;33;1;9;1;9;2;12;0;120
15;nublado;5;2122,79;5;742,9899999999999;1;11;1;9;2;9;2;0;1;9;1;9;1;9;2;11;0;120
16;ceu_aberto;5;2122,8;5;742,9799999999999;1;35;1;34;2;9;2;0;1;34;1;18;1;9;2;35;0;120
17;ceu_aberto;5;2122,8;5;742,98;1;33;1;27;2;9;2;0;1;33;1;12;1;9;2;33;0;120
18;parcialmente_nublado;5;2122,79;5;742,98;1;27;1;33;2;9;2;0;1;33;1;9;1;9;2;27;0;120
19;parcialmente_nublado;5;2122,79;5;742,98;1;28;1;33;2;9;2;0;1;33;1;9;1;9;2;28;0;120
20;parcialmente_nublado;5;2122,79;5;742,99;1;33;1;32;2;9;2;0;1;33;1;9;1;9;2;33;0;120
21;ceu_aberto;5;2122,8;5;742,98;1;33;1;34;2;9;2;0;1;34;1;19;1;9;2;33;0;120
22;nublado;5;2122,8;5;742,99;1;27;1;16;2;9;2;0;1;17;1;9;1;9;2;27;0;120
23;ceu_aberto;5;2122,8;5;742,99;1;33;1;33;2;9;2;0;1;33;1;11;1;9;2;33;0;120
24;ceu_aberto;5;2122,81;5;742,9799999999999;1;33;1;33;2;9;2;0;1;33;1;11;1;9;2;33;0;120
25;parcialmente_nublado;5;2122,8;5;742,97;1;33;1;12;2;9;2;0;1;33;1;11;1;9;2;22;0;120
26;ceu_aberto;5;2122,8;5;742,99;1;33;1;33;2;9;2;0;1;33;1;17;1;9;2;33;0;120
27;ceu_aberto;5;2122,81;5;742,99;1;34;1;34;2;9;2;0;1;34;1;16;1;9;2;33;0;120
28;ceu_aberto;5;2122,81;5;742,99;1;34;1;33;2;9;2;0;1;33;1;11;1;9;2;34;0;120
29;ceu_aberto;5;2122,79;5;742,98;1;33;1;33;2;9;2;0;1;33;1;11;1;9;2;33;0;120
30;parcialmente_nublado;5;2122,8;5;742,99;1;33;1;33;2;9;2;0;1;33;1;9;1;9;2;33;0;120
31;parcialmente_nublado;5;2122,8;5;742,98;1;32;1;33;2;9;2;0;1;33;1;9;1;9;2;28;0;120
32;ceu_aberto;5;2122,81;5;742,99;1;33;1;33;2;9;2;0;1;33;1;18;1;9;2;33;0;120
33;parcialmente_nublado;5;2122,8;5;742,9799999999999;1;33;1;11;2;9;2;0;1;33;1;9;1;9;2;27;0;120
34;parcialmente_nublado;5;2122,8;5;742,9799999999999;1;33;1;21;2;9;2;0;1;33;1;9;1;9;2;12;0;120
35;parcialmente_nublado;5;2122,8;5;742,98;1;32;1;33;2;8;2;0;1;33;1;9;1;8;2;11;0;120
36;ceu_aberto;5;2122,79;5;742,97;1;34;1;33;2;8;2;0;1;34;1;23;1;8;2;33;0;120
37;nublado;5;2122,8;5;742,98;1;33;1;14;2;9;2;0;1;14;1;9;1;9;2;33;0;120
38;parcialmente_nublado;5;2122,8;5;742,98;1;33;1;24;2;9;2;0;1;33;1;9;1;9;2;28;0;120
39;nublado;5;2122,8;5;742,98;1;27;1;13;2;9;2;0;1;16;1;11;1;9;2;27;0;120
40;parcialmente_nublado;5;2122,79;5;742,9799999999999;1;33;1;33;2;8;2;0;1;33;1;9;1;8;2;33;0;120
41;ceu_aberto;5;2122,8;5;742,98;1;33;1;33;2;9;2;0;1;33;1;11;1;9;2;33;0;120
42;ceu_aberto;5;2122,8;5;742,99;1;33;1;33;2;9;2;0;1;33;1;11;1;9;2;33;0;120
43;ceu_aberto;5;2122,8;5;742,99;1;33;1;33;2;9;2;0;1;33;1;16;1;9;2;33;0;120
44;nublado;5;2122,8;5;742,97;1;11;1;11;2;9;2;0;1;11;1;9;1;9;2;11;0;120
45;ceu_aberto;5;2122,8;5;742,9699999999999;1;32;1;33;2;9;2;0;1;33;1;9;1;9;2;32;0;120
46;nublado;5;2122,8;5;742,98;1;27;1;16;2;9;2;0;1;16;1;9;1;9;2;27;0;120
47;parcialmente_nublado;5;2122,8;5;742,98;1;33;1;32;2;9;2;0;1;33;1;9;1;9;2;10;0;120
48;parcialmente_nublado;5;2122,8;5;742,98;1;28;1;33;2;9;2;0;1;33;1;9;1;9;2;28;0;120
49;nublado;5;2122,79;5;742,98;1;11;1;9;2;9;2;0;1;11;1;9;1;9;2;9;0;120
50;ceu_aberto;5;2122,8;5;742,97;1;33;1;33;2;9;2;0;1;33;1;11;1;9;2;33;0;120
1;ceu_aberto;5;2299,71;5;804,9;1;33;1;34;2;9;2;0;1;34;1;11;1;9;2;33;0;130
2;nublado;5;2299,7;5;804,89;1;27;1;14;2;11;2;0;1;24;1;9;1;9;2;27;0;130
3;parcialmente_nublado;5;2299,7;5;804,9;1;33;1;12;2;9;2;0;1;12;1;9;1;9;2;33;0;130
4;ceu_aberto;5;2299,71;5;804,88;1;34;1;34;2;9;2;0;1;34;1;23;1;9;2;32;0;130
5;parcialmente_nublado;5;2299,71;5;804,9000000000001;1;33;1;33;2;9;2;0;1;33;1;11;1;9;2;14;0;130
6;ceu_aberto;5;2299,7;5;804,9;1;35;1;34;2;9;2;0;1;35;1;23;1;9;2;33;0;130
7;ceu_aberto;5;2299,7;5;804,9;1;33;1;33;2;9;2;0;1;33;1;9;1;9;2;33;0;130
8;parcialmente_nublado;5;2299,7;5;804,9000000000001;1;33;1;27;2;9;2;0;1;33;1;17;1;9;2;33;0;130
9;parcialmente_nublado;5;2299,7;5;804,89;1;33;1;33;2;9;2;0;1;33;1;11;1;9;2;33;0;130
10;ceu_aberto;5;2299,69;5;804,8800000000001;1;35;1;35;2;9;2;0;1;35;1;12;1;9;2;35;0;130
11;parcialmente_nublado;5;2299,7;5;804,88;1;24;1;33;2;9;2;0;1;33;1;11;1;9;2;24;0;130
12;parcialmente_nublado;5;2299,69;5;804,89;1;33;1;33;2;9;2;0;1;33;1;19;1;9;2;33;0;130
13;parcialmente_nublado;5;2299,71;5;804,89;1;27;1;35;2;9;2;0;1;35;1;15;1;9;2;27;0;130
14;ceu_aberto;5;2299,69;5;804,89;1;35;1;35;2;9;2;0;1;35;1;21;1;9;2;34;0;130
15;ceu_aberto;5;2299,71;5;804,8900000000001;1;35;1;33;2;9;2;0;1;35;1;17;1;9;2;33;0;130
16;nublado;5;2299,7;5;804,89;1;27;1;32;2;9;2;0;1;32;1;9;1;9;2;27;0;130
17;ceu_aberto;5;2299,7;5;804,89;1;34;1;35;2;9;2;0;1;35;1;17;1;9;2;33;0;130
18;parcialmente_nublado;5;2299,7;5;804,89;1;32;1;12;2;9;2;0;1;32;1;9;1;9;2;21;0;130
19;parcialmente_nublado;5;2299,71;5;804,89;1;32;1;34;2;9;2;0;1;34;1;11;1;9;2;27;0;130
20;parcialmente_nublado;5;2299,71;5;804,9;1;34;1;32;2;9;2;0;1;34;1;11;1;9;2;33;0;130
21;ceu_aberto;5;2299,69;5;804,9;1;35;1;35;2;9;2;0;1;35;1;24;1;9;2;35;0;130
22;parcialmente_nublado;5;2299,71;5;804,8999999999999;1;32;1;33;2;9;2;0;1;33;1;9;1;9;2;24;0;130
23;parcialmente_nublado;5;2299,7;5;804,9;1;28;1;32;2;9;2;0;1;32;1;14;1;9;2;28;0;130
24;parcialmente_nublado;5;2299,7;5;804,8899999999999;1;34;1;12;2;9;2;0;1;34;1;9;1;9;2;28;0;130
25;parcialmente_nublado;5;2299,69;5;804,89;1;33;1;35;2;9;2;0;1;35;1;9;1;9;2;33;0;130
26;nublado;5;2299,7;5;804,8899999999999;1;12;1;10;2;9;2;0;1;10;1;9;1;9;2;12;0;130
27;ceu_aberto;5;2299,7;5;804,89;1;35;1;35;2;9;2;0;1;35;1;12;1;9;2;27;0;130
28;ceu_aberto;5;2299,7;5;804,89;1;34;1;35;2;9;2;0;1;35;1;12;1;9;2;34;0;130
29;ceu_aberto;5;2299,69;5;804,9000000000001;1;36;1;34;2;9;2;0;1;35;1;16;1;9;2;36;0;130
30;ceu_aberto;5;2299,7;5;804,88;1;35;1;35;2;9;2;0;1;35;1;22;1;9;2;35;0;130
31;parcialmente_nublado;5;2299,7;5;804,89;1;34;1;33;2;9;2;0;1;34;1;9;1;9;2;33;0;130
32;ceu_aberto;5;2299,7;5;804,89;1;33;1;35;2;9;2;0;1;35;1;27;1;9;2;33;0;130
33;nublado;5;2299,7;5;804,8900000000001;1;12;1;9;2;9;2;0;1;9;1;9;1;9;2;12;0;130
34;parcialmente_nublado;5;2299,71;5;804,9;1;33;1;33;2;9;2;0;1;33;1;9;1;9;2;33;0;130
35;ceu_aberto;5;2299,7;5;804,89;1;35;1;33;2;9;2;0;1;33;1;13;1;9;2;35;0;130
36;parcialmente_nublado;5;2299,71;5;804,9000000000001;1;33;1;33;2;9;2;0;1;33;1;9;1;9;2;33;0;130
37;ceu_aberto;5;2299,7;5;804,89;1;35;1;35;2;9;2;0;1;35;1;12;1;9;2;35;0;130
38;ceu_aberto;5;2299,71;5;804,9;1;35;1;35;2;9;2;0;1;35;1;11;1;9;2;34;0;130
39;nublado;5;2299,71;5;804,8899999999999;1;34;1;9;2;11;2;0;1;23;1;9;1;9;2;34;0;130
40;nublado;5;2299,7;5;804,9;1;12;1;9;2;11;2;0;1;12;1;9;1;9;2;14;0;130
41;ceu_aberto;5;2299,7;5;804,9000000000001;1;33;1;33;2;9;2;0;1;33;1;12;1;9;2;33;0;130
42;ceu_aberto;5;2299,71;5;804,89;1;33;1;35;2;9;2;0;1;35;1;27;1;9;2;33;0;130
43;ceu_aberto;5;2299,7;5;804,9000000000001;1;33;1;35;2;9;2;0;1;35;1;15;1;9;2;32;0;130
44;nublado;5;2299,7;5;804,8899999999999;1;24;1;11;2;9;2;0;1;13;1;11;1;9;2;24;0;130
45;ceu_aberto;5;2299,7;5;804,89;1;35;1;33;2;9;2;0;1;35;1;12;1;9;2;35;0;130
46;parcialmente_nublado;5;2299,7;5;804,8900000000001;1;33;1;27;2;9;2;0;1;33;1;9;1;9;2;19;0;130
47;ceu_aberto;5;2299,7;5;804,9;1;34;1;33;2;9;2;0;1;33;1;16;1;9;2;34;0;130
48;ceu_aberto;5;2299,7;5;804,9;1;35;1;35;2;9;2;0;1;35;1;11;1;9;2;34;0;130
49;parcialmente_nublado;5;2299,7;5;804,89;1;33;1;32;2;9;2;0;1;32;1;9;1;9;2;33;0;130
50;nublado;5;2299,68;5;804,9100000000001;1;33;1;9;2;11;2;0;1;24;1;9;1;9;2;33;0;130
1;nublado;5;2476,6;5;866,81;1;32;1;9;2;9;2;0;1;11;1;9;1;9;2;32;0;140
2;nublado;5;2476,61;5;866,82;1;17;1;11;2;11;2;0;1;11;1;9;1;9;2;19;0;140
3;ceu_aberto;5;2476,61;5;866,81;1;35;1;37;2;9;2;0;1;37;1;27;1;9;2;35;0;140
4;ceu_aberto;5;2476,6;5;866,81;1;37;1;37;2;9;2;0;1;37;1;12;1;9;2;37;0;140
5;parcialmente_nublado;5;2476,6;5;866,8199999999999;1;32;1;34;2;9;2;1;1;34;1;12;1;9;2;32;0;140
6;parcialmente_nublado;5;2476,6;5;866,82;1;33;1;33;2;9;2;0;1;33;1;11;1;9;2;33;0;140
7;ceu_aberto;5;2476,6;5;866,8000000000001;1;36;1;37;2;9;2;0;1;37;1;24;1;9;2;33;0;140
8;ceu_aberto;5;2476,6;5;866,8100000000001;1;35;1;35;2;9;2;0;1;35;1;22;1;9;2;34;0;140
9;nublado;5;2476,61;5;866,81;1;33;1;11;2;9;2;0;1;19;1;9;1;9;2;33;0;140
10;ceu_aberto;5;2476,6;5;866,81;1;37;1;36;2;9;2;0;1;36;1;23;1;9;2;37;0;140
11;parcialmente_nublado;5;2476,59;5;866,81;1;34;1;33;2;9;2;0;1;33;1;14;1;9;2;34;0;140
12;parcialmente_nublado;5;2476,59;5;866,8000000000001;1;35;1;33;2;9;2;0;1;33;1;11;1;9;2;35;0;140
13;ceu_aberto;5;2476,6;5;866,81;1;37;1;37;2;9;2;0;1;37;1;21;1;9;2;34;0;140
14;parcialmente_nublado;5;2476,6;5;866,81;1;36;1;32;2;9;2;0;1;36;1;9;1;9;2;33;0;140
15;parcialmente_nublado;5;2476,6;5;866,8199999999999;1;33;1;33;2;9;2;0;1;33;1;9;1;9;2;33;0;140
16;parcialmente_nublado;5;2476,59;5;866,8100000000001;1;34;1;21;2;9;2;0;1;34;1;9;1;9;2;27;0;140
17;parcialmente_nublado;5;2476,59;5;866,81;1;34;1;28;2;9;2;0;1;33;1;9;1;9;2;34;0;140
18;nublado;5;2476,6;5;866,81;1;27;1;15;2;11;2;0;1;14;1;10;1;9;2;27;0;140
19;ceu_aberto;5;2476,59;5;866,8100000000001;1;36;1;33;2;9;2;0;1;33;1;21;1;9;2;36;0;140
20;parcialmente_nublado;5;2476,6;5;866,81;1;36;1;33;2;9;2;0;1;36;1;17;1;9;2;12;0;140
21;nublado;5;2476,61;5;866,81;1;34;1;16;2;11;2;0;1;12;1;16;1;9;2;34;0;140
22;ceu_aberto;5;2476,59;5;866,81;1;37;1;37;2;9;2;0;1;36;1;24;1;9;2;35;0;140
23;ceu_aberto;5;2476,59;5;866,8199999999999;1;37;1;36;2;9;2;0;1;37;1;33;1;9;2;35;0;140
24;parcialmente_nublado;5;2476,61;5;866,8199999999999;1;33;1;27;2;9;2;0;1;33;1;9;1;9;2;24;0;140
25;nublado;5;2476,61;5;866,8100000000001;1;32;1;13;2;11;2;0;1;32;1;9;1;9;2;14;0;140
26;parcialmente_nublado;5;2476,6;5;866,81;1;36;1;37;2;9;2;0;1;37;1;21;1;9;2;24;0;140
27;ceu_aberto;5;2476,6;5;866,8100000000001;1;37;1;35;2;9;2;0;1;36;1;27;1;9;2;37;0;140
28;parcialmente_nublado;5;2476,6;5;866,8100000000001;1;37;1;32;2;9;2;0;1;37;1;13;1;9;2;33;0;140
29;ceu_aberto;5;2476,59;5;866,81;1;37;1;37;2;9;2;0;1;36;1;21;1;9;2;37;0;140
30;ceu_aberto;5;2476,61;5;866,8;1;35;1;33;2;9;2;0;1;33;1;33;1;9;2;35;0;140
31;nublado;5;2476,6;5;866,8199999999999;1;33;1;27;2;11;2;0;1;27;1;9;1;9;2;33;0;140
32;ceu_aberto;5;2476,6;5;866,82;1;37;1;34;2;9;2;0;1;37;1;21;1;9;2;34;0;140
33;parcialmente_nublado;5;2476,59;5;866,82;1;33;1;32;2;9;2;0;1;33;1;9;1;9;2;32;0;140
34;ceu_aberto;5;2476,59;5;866,81;1;35;1;35;2;9;2;0;1;35;1;27;1;9;2;35;0;140
35;nublado;5;2476,6;5;866,8199999999999;1;36;1;18;2;9;2;0;1;36;1;11;1;9;2;32;0;140
36;ceu_aberto;5;2476,59;5;866,8100000000001;1;35;1;37;2;9;2;0;1;37;1;27;1;9;2;35;0;140
37;ceu_aberto;5;2476,59;5;866,81;1;37;1;37;2;9;2;0;1;37;1;17;1;9;2;33;0;140
38;nublado;5;2476,61;5;866,8199999999999;1;33;1;16;2;11;2;2;1;11;1;16;1;9;2;33;0;140
39;ceu_aberto;5;2476,59;5;866,8100000000001;1;35;1;36;2;9;2;0;1;36;1;11;1;9;2;35;0;140
40;ceu_aberto;5;2476,6;5;866,8;1;35;1;34;2;9;2;0;1;34;1;28;1;9;2;35;0;140
41;ceu_aberto;5;2476,61;5;866,82;1;35;1;37;2;9;2;0;1;37;1;24;1;9;2;34;0;140
42;ceu_aberto;5;2476,6;5;866,81;1;34;1;37;2;9;2;0;1;37;1;24;1;9;2;34;0;140
43;parcialmente_nublado;5;2476,6;5;866,8000000000001;1;36;1;32;2;9;2;0;1;36;1;11;1;9;2;33;0;140
44;ceu_aberto;5;2476,6;5;866,8;1;35;1;35;2;9;2;0;1;35;1;27;1;9;2;33;0;140
45;ceu_aberto;5;2476,6;5;866,8100000000001;1;35;1;35;2;9;2;0;1;35;1;11;1;9;2;33;0;140
46;nublado;5;2476,59;5;866,81;1;21;1;28;2;11;2;0;1;28;1;9;1;9;2;18;0;140
47;parcialmente_nublado;5;2476,6;5;866,81;1;37;1;33;2;9;2;0;1;37;1;9;1;9;2;35;0;140
48;nublado;5;2476,6;5;866,8100000000001;1;33;1;16;2;9;2;0;1;33;1;15;1;9;2;22;0;140
49;nublado;5;2476,6;5;866,82;1;33;1;9;2;11;2;0;1;9;1;9;1;9;2;33;0;140
50;parcialmente_nublado;5;2476,6;5;866,8000000000001;1;33;1;34;2;9;2;2;1;34;1;10;1;9;2;33;0;140
1;nublado;5;2653,5;5;928,73;1;37;1;27;2;11;2;0;1;27;1;12;1;9;2;37;0;150
2;ceu_aberto;5;2653,5;5;928,73;1;37;1;37;2;9;2;0;1;37;1;32;1;9;2;37;0;150
3;ceu_aberto;5;2653,5;5;928,7299999999999;1;37;1;37;2;9;2;0;1;37;1;11;1;9;2;33;0;150
4;ceu_aberto;5;2653,49;5;928,7199999999999;1;37;1;37;2;9;2;0;1;37;1;23;1;9;2;37;0;150
5;parcialmente_nublado;5;2653,5;5;928,7299999999999;1;35;1;37;2;9;2;0;1;37;1;9;1;9;2;24;0;150
6;ceu_aberto;5;2653,51;5;928,72;1;37;1;37;2;9;2;0;0;36;1;23;1;9;2;37;0;150
7;ceu_aberto;5;2653,5;5;928,72;1;37;1;34;2;9;2;0;1;35;1;27;1;9;2;37;0;150
8;nublado;5;2653,5;5;928,7199999999999;1;36;1;18;2;9;2;0;1;23;1;11;1;9;2;36;0;150
9;parcialmente_nublado;5;2653,5;5;928,73;1;37;1;33;2;9;2;0;1;37;1;11;1;9;2;32;0;150
10;parcialmente_nublado;5;2653,5;5;928,72;1;37;1;37;2;9;2;0;1;37;1;9;1;9;2;33;0;150
11;nublado;5;2653,5;5;928,7299999999999;1;37;1;21;2;11;2;0;1;21;1;9;1;9;2;37;0;150
12;parcialmente_nublado;5;2653,5;5;928,73;1;35;1;37;2;9;2;0;1;37;1;12;1;9;2;30;0;150
13;ceu_aberto;5;2653,5;5;928,7199999999999;1;37;1;37;2;9;2;0;1;37;1;30;1;9;2;37;0;150
14;parcialmente_nublado;5;2653,5;5;928,7299999999999;1;34;1;35;2;9;2;0;1;35;1;11;1;9;2;34;0;150
15;parcialmente_nublado;5;2653,5;5;928,73;1;37;1;35;2;9;2;2;1;37;1;12;1;9;2;37;0;150
16;ceu_aberto;5;2653,5;5;928,73;1;37;1;37;2;9;2;0;1;37;1;32;1;9;2;36;0;150
17;parcialmente_nublado;5;2653,49;5;928,72;1;35;1;35;2;9;2;0;1;35;1;12;1;9;2;33;0;150
18;ceu_aberto;5;2653,51;5;928,74;1;37;1;37;2;9;2;0;1;37;1;23;1;9;2;37;0;150
19;ceu_aberto;5;2653,49;5;928,7199999999999;1;37;1;37;2;9;2;0;1;36;1;19;1;9;2;37;0;150
20;parcialmente_nublado;5;2653,49;5;928,72;1;36;1;35;2;9;2;0;1;36;1;11;1;9;2;33;0;150
21;parcialmente_nublado;5;2653,5;5;928,73;1;37;1;37;2;9;2;0;1;37;1;21;1;9;2;37;0;150
22;parcialmente_nublado;5;2653,49;5;928,7299999999999;1;34;1;37;2;9;2;0;1;37;1;12;1;9;2;33;0;150
23;nublado;5;2653,5;5;928,72;1;27;1;11;2;9;2;0;1;12;1;11;1;9;2;27;0;150
24;parcialmente_nublado;5;2653,5;5;928,73;1;33;1;34;2;9;2;0;1;34;1;9;1;9;2;33;0;150
25;ceu_aberto;5;2653,5;5;928,72;1;37;1;37;2;9;2;0;1;37;1;33;1;9;2;37;0;150
26;ceu_aberto;5;2653,5;5;928,7199999999999;1;37;1;37;2;9;2;0;1;36;1;33;1;9;2;37;0;150
27;ceu_aberto;5;2653,5;5;928,72;1;37;1;37;2;9;2;0;1;37;1;19;1;9;2;37;0;150
28;ceu_aberto;5;2653,5;5;928,7199999999999;1;37;1;37;2;9;2;0;1;37;1;27;1;9;2;37;0;150
29;parcialmente_nublado;5;2653,51;5;928,72;1;35;1;33;2;9;2;0;1;35;1;11;1;9;2;34;0;150
30;parcialmente_nublado;5;2653,5;5;928,7299999999999;1;34;1;33;2;9;2;0;1;34;1;11;1;9;2;33;0;150
31;parcialmente_nublado;5;2653,49;5;928,72;1;35;1;24;2;9;2;0;1;35;1;16;1;9;2;34;0;150
32;nublado;5;2653,5;5;928,72;1;34;1;9;2;9;2;0;1;34;1;9;1;9;2;33;0;150
33;ceu_aberto;5;2653,5;5;928,7299999999999;1;37;1;34;2;9;2;0;1;34;1;27;1;9;2;37;0;150
34;ceu_aberto;5;2653,5;5;928,7199999999999;1;37;1;37;2;9;2;0;1;37;1;33;1;9;2;37;0;150
35;ceu_aberto;5;2653,49;5;928,72;1;37;1;37;2;9;2;0;1;37;1;28;1;9;2;37;0;150
36;ceu_aberto;5;2653,5;5;928,71;1;37;1;35;2;9;2;0;1;34;1;24;1;9;2;37;0;150
37;ceu_aberto;5;2653,5;5;928,71;1;37;1;37;2;9;2;0;1;37;1;27;1;9;2;37;0;150
38;nublado;5;2653,5;5;928,73;1;33;1;14;2;9;2;0;1;33;1;11;1;9;2;21;0;150
39;parcialmente_nublado;5;2653,5;5;928,71;1;37;1;37;2;9;2;2;1;37;1;11;1;9;2;37;0;150
40;nublado;5;2653,51;5;928,7199999999999;1;33;1;28;2;9;2;0;1;28;1;11;1;9;2;33;0;150
41;ceu_aberto;5;2653,5;5;928,73;1;37;1;37;2;9;2;0;1;36;1;28;1;9;2;37;0;150
42;ceu_aberto;5;2653,5;5;928,73;1;37;1;35;2;9;2;0;1;37;1;24;1;9;2;37;0;150
43;parcialmente_nublado;5;2653,5;5;928,72;1;37;1;35;2;9;2;0;1;35;1;9;1;9;2;37;0;150
44;parcialmente_nublado;5;2653,5;5;928,7199999999999;1;35;1;37;2;9;2;0;1;37;1;11;1;9;2;35;0;150
45;ceu_aberto;5;2653,5;5;928,7200000000001;1;37;1;37;2;9;2;0;1;37;1;32;1;9;2;37;0;150
46;ceu_aberto;5;2653,51;5;928,7100000000002;1;37;1;36;2;9;2;0;0;36;1;24;1;9;2;37;0;150
47;ceu_aberto;5;2653,5;5;928,72;1;37;1;37;2;9;2;0;1;37;1;27;1;9;2;35;0;150
48;parcialmente_nublado;5;2653,5;5;928,73;1;37;1;36;2;9;2;0;1;37;1;11;1;9;2;37;0;150
49;parcialmente_nublado;5;2653,49;5;928,7199999999999;1;37;1;33;2;9;2;0;1;36;1;9;1;9;2;37;0;150
50;parcialmente_nublado;5;2653,51;5;928,7099999999999;1;35;1;34;2;9;2;0;1;35;1;9;1;9;2;34;0;150
