Hora,Barra,Fase,V (p.u.),Ângulo (°),kV base
1,SOURCEBUS,1,1.05,30.0,39.837
1,SOURCEBUS,2,1.05,-90.0,39.837
1,SOURCEBUS,3,1.05,150.0,39.837
1,800,1,1.05,-0.0,14.376
1,800,2,1.05,-120.0,14.376
1,800,3,1.05,120.0,14.376
1,802,1,1.0474,-0.05,14.376
1,802,2,1.0484,-120.07,14.376
1,802,3,1.0484,119.95,14.376
1,806,1,1.0457,-0.09,14.376
1,806,2,1.0475,-120.11,14.376
1,806,3,1.0474,119.91,14.376
1,808,1,1.0135,-0.77,14.376
1,808,2,1.0299,-120.95,14.376
1,808,3,1.0287,119.3,14.376
1,810,2,1.0297,-120.96,14.376
1,812,1,0.9761,-1.62,14.376
1,812,2,1.0106,-121.93,14.376
1,812,3,1.0066,118.58,14.376
1,814,1,0.9464,-2.32,14.376
1,814,2,0.9953,-122.71,14.376
1,814,3,0.989,118.0,14.376
1,814R,1,1.029,-2.34,14.376
1,814R,2,1.02,-122.72,14.376
1,814R,3,1.0198,117.98,14.376
1,850,1,1.0289,-2.34,14.376
1,850,2,1.02,-122.73,14.376
1,850,3,1.0198,117.98,14.376
1,816,1,1.0286,-2.35,14.376
1,816,2,1.0198,-122.73,14.376
1,816,3,1.0195,117.98,14.376
1,818,1,1.0276,-2.35,14.376
1,824,1,1.0195,-2.46,14.376
1,824,2,1.0103,-122.96,14.376
1,824,3,1.0111,117.72,14.376
1,820,1,1.0042,-2.41,14.376
1,822,1,1.0012,-2.41,14.376
1,826,2,1.0101,-122.96,14.376
1,828,1,1.0188,-2.47,14.376
1,828,2,1.0096,-122.98,14.376
1,828,3,1.0104,117.7,14.376
1,830,1,1.001,-2.73,14.376
1,830,2,0.9927,-123.43,14.376
1,830,3,0.9933,117.2,14.376
1,854,1,1.0005,-2.74,14.376
1,854,2,0.9922,-123.44,14.376
1,854,3,0.9929,117.19,14.376
1,832,1,1.0486,-3.23,14.376
1,832,2,1.0405,-124.26,14.376
1,832,3,1.0413,116.26,14.376
1,858,1,1.0463,-3.29,14.376
1,858,2,1.0382,-124.35,14.376
1,858,3,1.0392,116.15,14.376
1,834,1,1.0436,-3.36,14.376
1,834,2,1.0354,-124.46,14.376
1,834,3,1.0366,116.02,14.376
1,860,1,1.0431,-3.35,14.376
1,860,2,1.035,-124.46,14.376
1,860,3,1.0363,116.02,14.376
1,842,1,1.0435,-3.36,14.376
1,842,2,1.0354,-124.47,14.376
1,842,3,1.0366,116.01,14.376
1,836,1,1.0429,-3.35,14.376
1,836,2,1.0347,-124.46,14.376
1,836,3,1.0361,116.02,14.376
1,840,1,1.0429,-3.35,14.376
1,840,2,1.0346,-124.46,14.376
1,840,3,1.0361,116.02,14.376
1,862,1,1.0429,-3.35,14.376
1,862,2,1.0346,-124.46,14.376
1,862,3,1.0361,116.02,14.376
1,844,1,1.0433,-3.39,14.376
1,844,2,1.0351,-124.49,14.376
1,844,3,1.0364,115.99,14.376
1,846,1,1.0436,-3.43,14.376
1,846,2,1.035,-124.54,14.376
1,846,3,1.0367,115.94,14.376
1,848,1,1.0436,-3.44,14.376
1,848,2,1.0351,-124.54,14.376
1,848,3,1.0367,115.93,14.376
1,852R,1,1.0486,-3.23,14.376
1,852R,2,1.0405,-124.26,14.376
1,852R,3,1.0414,116.26,14.376
1,888,1,1.0122,-4.73,2.402
1,888,2,1.0043,-125.8,2.402
1,888,3,1.0053,114.74,2.402
1,856,2,0.9921,-123.45,14.376
1,852,1,0.9699,-3.21,14.376
1,852,2,0.9624,-124.24,14.376
1,852,3,0.9632,116.27,14.376
1,864,1,1.0463,-3.29,14.376
1,838,2,1.0345,-124.46,14.376
1,890,1,0.9292,-5.28,2.402
1,890,2,0.9296,-126.83,2.402
1,890,3,0.9231,113.91,2.402
2,SOURCEBUS,1,1.05,30.0,39.837
2,SOURCEBUS,2,1.05,-90.0,39.837
2,SOURCEBUS,3,1.05,150.0,39.837
2,800,1,1.05,-0.0,14.376
2,800,2,1.05,-120.0,14.376
2,800,3,1.05,120.0,14.376
2,802,1,1.0474,-0.05,14.376
2,802,2,1.0484,-120.07,14.376
2,802,3,1.0484,119.95,14.376
2,806,1,1.0457,-0.09,14.376
2,806,2,1.0475,-120.11,14.376
2,806,3,1.0474,119.91,14.376
2,808,1,1.0135,-0.77,14.376
2,808,2,1.0299,-120.95,14.376
2,808,3,1.0287,119.3,14.376
2,810,2,1.0297,-120.96,14.376
2,812,1,0.9761,-1.62,14.376
2,812,2,1.0106,-121.93,14.376
2,812,3,1.0066,118.58,14.376
2,814,1,0.9464,-2.32,14.376
2,814,2,0.9953,-122.71,14.376
2,814,3,0.989,118.0,14.376
2,814R,1,1.029,-2.34,14.376
2,814R,2,1.02,-122.72,14.376
2,814R,3,1.0198,117.98,14.376
2,850,1,1.0289,-2.34,14.376
2,850,2,1.02,-122.73,14.376
2,850,3,1.0198,117.98,14.376
2,816,1,1.0286,-2.35,14.376
2,816,2,1.0198,-122.73,14.376
2,816,3,1.0195,117.98,14.376
2,818,1,1.0276,-2.35,14.376
2,824,1,1.0195,-2.46,14.376
2,824,2,1.0103,-122.96,14.376
2,824,3,1.0111,117.72,14.376
2,820,1,1.0042,-2.41,14.376
2,822,1,1.0012,-2.41,14.376
2,826,2,1.0101,-122.96,14.376
2,828,1,1.0188,-2.47,14.376
2,828,2,1.0096,-122.98,14.376
2,828,3,1.0104,117.7,14.376
2,830,1,1.001,-2.73,14.376
2,830,2,0.9927,-123.43,14.376
2,830,3,0.9933,117.2,14.376
2,854,1,1.0005,-2.74,14.376
2,854,2,0.9922,-123.44,14.376
2,854,3,0.9929,117.19,14.376
2,832,1,1.0486,-3.23,14.376
2,832,2,1.0405,-124.26,14.376
2,832,3,1.0413,116.26,14.376
2,858,1,1.0463,-3.29,14.376
2,858,2,1.0382,-124.35,14.376
2,858,3,1.0392,116.15,14.376
2,834,1,1.0436,-3.36,14.376
2,834,2,1.0354,-124.46,14.376
2,834,3,1.0366,116.02,14.376
2,860,1,1.0431,-3.35,14.376
2,860,2,1.035,-124.46,14.376
2,860,3,1.0363,116.02,14.376
2,842,1,1.0435,-3.36,14.376
2,842,2,1.0354,-124.47,14.376
2,842,3,1.0366,116.01,14.376
2,836,1,1.0429,-3.35,14.376
2,836,2,1.0347,-124.46,14.376
2,836,3,1.0361,116.02,14.376
2,840,1,1.0429,-3.35,14.376
2,840,2,1.0346,-124.46,14.376
2,840,3,1.0361,116.02,14.376
2,862,1,1.0429,-3.35,14.376
2,862,2,1.0346,-124.46,14.376
2,862,3,1.0361,116.02,14.376
2,844,1,1.0433,-3.39,14.376
2,844,2,1.0351,-124.49,14.376
2,844,3,1.0364,115.99,14.376
2,846,1,1.0436,-3.43,14.376
2,846,2,1.035,-124.54,14.376
2,846,3,1.0367,115.94,14.376
2,848,1,1.0436,-3.44,14.376
2,848,2,1.0351,-124.54,14.376
2,848,3,1.0367,115.93,14.376
2,852R,1,1.0486,-3.23,14.376
2,852R,2,1.0405,-124.26,14.376
2,852R,3,1.0414,116.26,14.376
2,888,1,1.0122,-4.73,2.402
2,888,2,1.0043,-125.8,2.402
2,888,3,1.0053,114.74,2.402
2,856,2,0.9921,-123.45,14.376
2,852,1,0.9699,-3.21,14.376
2,852,2,0.9624,-124.24,14.376
2,852,3,0.9632,116.27,14.376
2,864,1,1.0463,-3.29,14.376
2,838,2,1.0345,-124.46,14.376
2,890,1,0.9292,-5.28,2.402
2,890,2,0.9296,-126.83,2.402
2,890,3,0.9231,113.91,2.402
3,SOURCEBUS,1,1.05,30.0,39.837
3,SOURCEBUS,2,1.05,-90.0,39.837
3,SOURCEBUS,3,1.05,150.0,39.837
3,800,1,1.05,-0.0,14.376
3,800,2,1.05,-120.0,14.376
3,800,3,1.05,120.0,14.376
3,802,1,1.0474,-0.05,14.376
3,802,2,1.0484,-120.07,14.376
3,802,3,1.0484,119.95,14.376
3,806,1,1.0457,-0.09,14.376
3,806,2,1.0475,-120.11,14.376
3,806,3,1.0474,119.91,14.376
3,808,1,1.0135,-0.77,14.376
3,808,2,1.0299,-120.95,14.376
3,808,3,1.0287,119.3,14.376
3,810,2,1.0297,-120.96,14.376
3,812,1,0.9761,-1.62,14.376
3,812,2,1.0106,-121.93,14.376
3,812,3,1.0066,118.58,14.376
3,814,1,0.9464,-2.32,14.376
3,814,2,0.9953,-122.71,14.376
3,814,3,0.989,118.0,14.376
3,814R,1,1.029,-2.34,14.376
3,814R,2,1.02,-122.72,14.376
3,814R,3,1.0198,117.98,14.376
3,850,1,1.0289,-2.34,14.376
3,850,2,1.02,-122.73,14.376
3,850,3,1.0198,117.98,14.376
3,816,1,1.0286,-2.35,14.376
3,816,2,1.0198,-122.73,14.376
3,816,3,1.0195,117.98,14.376
3,818,1,1.0276,-2.35,14.376
3,824,1,1.0195,-2.46,14.376
3,824,2,1.0103,-122.96,14.376
3,824,3,1.0111,117.72,14.376
3,820,1,1.0042,-2.41,14.376
3,822,1,1.0012,-2.41,14.376
3,826,2,1.0101,-122.96,14.376
3,828,1,1.0188,-2.47,14.376
3,828,2,1.0096,-122.98,14.376
3,828,3,1.0104,117.7,14.376
3,830,1,1.001,-2.73,14.376
3,830,2,0.9927,-123.43,14.376
3,830,3,0.9933,117.2,14.376
3,854,1,1.0005,-2.74,14.376
3,854,2,0.9922,-123.44,14.376
3,854,3,0.9929,117.19,14.376
3,832,1,1.0486,-3.23,14.376
3,832,2,1.0405,-124.26,14.376
3,832,3,1.0413,116.26,14.376
3,858,1,1.0463,-3.29,14.376
3,858,2,1.0382,-124.35,14.376
3,858,3,1.0392,116.15,14.376
3,834,1,1.0436,-3.36,14.376
3,834,2,1.0354,-124.46,14.376
3,834,3,1.0366,116.02,14.376
3,860,1,1.0431,-3.35,14.376
3,860,2,1.035,-124.46,14.376
3,860,3,1.0363,116.02,14.376
3,842,1,1.0435,-3.36,14.376
3,842,2,1.0354,-124.47,14.376
3,842,3,1.0366,116.01,14.376
3,836,1,1.0429,-3.35,14.376
3,836,2,1.0347,-124.46,14.376
3,836,3,1.0361,116.02,14.376
3,840,1,1.0429,-3.35,14.376
3,840,2,1.0346,-124.46,14.376
3,840,3,1.0361,116.02,14.376
3,862,1,1.0429,-3.35,14.376
3,862,2,1.0346,-124.46,14.376
3,862,3,1.0361,116.02,14.376
3,844,1,1.0433,-3.39,14.376
3,844,2,1.0351,-124.49,14.376
3,844,3,1.0364,115.99,14.376
3,846,1,1.0436,-3.43,14.376
3,846,2,1.035,-124.54,14.376
3,846,3,1.0367,115.94,14.376
3,848,1,1.0436,-3.44,14.376
3,848,2,1.0351,-124.54,14.376
3,848,3,1.0367,115.93,14.376
3,852R,1,1.0486,-3.23,14.376
3,852R,2,1.0405,-124.26,14.376
3,852R,3,1.0414,116.26,14.376
3,888,1,1.0122,-4.73,2.402
3,888,2,1.0043,-125.8,2.402
3,888,3,1.0053,114.74,2.402
3,856,2,0.9921,-123.45,14.376
3,852,1,0.9699,-3.21,14.376
3,852,2,0.9624,-124.24,14.376
3,852,3,0.9632,116.27,14.376
3,864,1,1.0463,-3.29,14.376
3,838,2,1.0345,-124.46,14.376
3,890,1,0.9292,-5.28,2.402
3,890,2,0.9296,-126.83,2.402
3,890,3,0.9231,113.91,2.402
4,SOURCEBUS,1,1.05,30.0,39.837
4,SOURCEBUS,2,1.05,-90.0,39.837
4,SOURCEBUS,3,1.05,150.0,39.837
4,800,1,1.05,-0.0,14.376
4,800,2,1.05,-120.0,14.376
4,800,3,1.05,120.0,14.376
4,802,1,1.0474,-0.05,14.376
4,802,2,1.0484,-120.07,14.376
4,802,3,1.0484,119.95,14.376
4,806,1,1.0457,-0.09,14.376
4,806,2,1.0475,-120.11,14.376
4,806,3,1.0474,119.91,14.376
4,808,1,1.0135,-0.77,14.376
4,808,2,1.0299,-120.95,14.376
4,808,3,1.0287,119.3,14.376
4,810,2,1.0297,-120.96,14.376
4,812,1,0.9761,-1.62,14.376
4,812,2,1.0106,-121.93,14.376
4,812,3,1.0066,118.58,14.376
4,814,1,0.9464,-2.32,14.376
4,814,2,0.9953,-122.71,14.376
4,814,3,0.989,118.0,14.376
4,814R,1,1.029,-2.34,14.376
4,814R,2,1.02,-122.72,14.376
4,814R,3,1.0198,117.98,14.376
4,850,1,1.0289,-2.34,14.376
4,850,2,1.02,-122.73,14.376
4,850,3,1.0198,117.98,14.376
4,816,1,1.0286,-2.35,14.376
4,816,2,1.0198,-122.73,14.376
4,816,3,1.0195,117.98,14.376
4,818,1,1.0276,-2.35,14.376
4,824,1,1.0195,-2.46,14.376
4,824,2,1.0103,-122.96,14.376
4,824,3,1.0111,117.72,14.376
4,820,1,1.0042,-2.41,14.376
4,822,1,1.0012,-2.41,14.376
4,826,2,1.0101,-122.96,14.376
4,828,1,1.0188,-2.47,14.376
4,828,2,1.0096,-122.98,14.376
4,828,3,1.0104,117.7,14.376
4,830,1,1.001,-2.73,14.376
4,830,2,0.9927,-123.43,14.376
4,830,3,0.9933,117.2,14.376
4,854,1,1.0005,-2.74,14.376
4,854,2,0.9922,-123.44,14.376
4,854,3,0.9929,117.19,14.376
4,832,1,1.0486,-3.23,14.376
4,832,2,1.0405,-124.26,14.376
4,832,3,1.0413,116.26,14.376
4,858,1,1.0463,-3.29,14.376
4,858,2,1.0382,-124.35,14.376
4,858,3,1.0392,116.15,14.376
4,834,1,1.0436,-3.36,14.376
4,834,2,1.0354,-124.46,14.376
4,834,3,1.0366,116.02,14.376
4,860,1,1.0431,-3.35,14.376
4,860,2,1.035,-124.46,14.376
4,860,3,1.0363,116.02,14.376
4,842,1,1.0435,-3.36,14.376
4,842,2,1.0354,-124.47,14.376
4,842,3,1.0366,116.01,14.376
4,836,1,1.0429,-3.35,14.376
4,836,2,1.0347,-124.46,14.376
4,836,3,1.0361,116.02,14.376
4,840,1,1.0429,-3.35,14.376
4,840,2,1.0346,-124.46,14.376
4,840,3,1.0361,116.02,14.376
4,862,1,1.0429,-3.35,14.376
4,862,2,1.0346,-124.46,14.376
4,862,3,1.0361,116.02,14.376
4,844,1,1.0433,-3.39,14.376
4,844,2,1.0351,-124.49,14.376
4,844,3,1.0364,115.99,14.376
4,846,1,1.0436,-3.43,14.376
4,846,2,1.035,-124.54,14.376
4,846,3,1.0367,115.94,14.376
4,848,1,1.0436,-3.44,14.376
4,848,2,1.0351,-124.54,14.376
4,848,3,1.0367,115.93,14.376
4,852R,1,1.0486,-3.23,14.376
4,852R,2,1.0405,-124.26,14.376
4,852R,3,1.0414,116.26,14.376
4,888,1,1.0122,-4.73,2.402
4,888,2,1.0043,-125.8,2.402
4,888,3,1.0053,114.74,2.402
4,856,2,0.9921,-123.45,14.376
4,852,1,0.9699,-3.21,14.376
4,852,2,0.9624,-124.24,14.376
4,852,3,0.9632,116.27,14.376
4,864,1,1.0463,-3.29,14.376
4,838,2,1.0345,-124.46,14.376
4,890,1,0.9292,-5.28,2.402
4,890,2,0.9296,-126.83,2.402
4,890,3,0.9231,113.91,2.402
5,SOURCEBUS,1,1.05,30.0,39.837
5,SOURCEBUS,2,1.05,-90.0,39.837
5,SOURCEBUS,3,1.05,150.0,39.837
5,800,1,1.05,-0.0,14.376
5,800,2,1.05,-120.0,14.376
5,800,3,1.05,120.0,14.376
5,802,1,1.0474,-0.05,14.376
5,802,2,1.0484,-120.07,14.376
5,802,3,1.0484,119.95,14.376
5,806,1,1.0457,-0.09,14.376
5,806,2,1.0475,-120.11,14.376
5,806,3,1.0474,119.91,14.376
5,808,1,1.0135,-0.77,14.376
5,808,2,1.0299,-120.95,14.376
5,808,3,1.0287,119.3,14.376
5,810,2,1.0297,-120.96,14.376
5,812,1,0.9761,-1.62,14.376
5,812,2,1.0106,-121.93,14.376
5,812,3,1.0066,118.58,14.376
5,814,1,0.9464,-2.32,14.376
5,814,2,0.9953,-122.71,14.376
5,814,3,0.989,118.0,14.376
5,814R,1,1.029,-2.34,14.376
5,814R,2,1.02,-122.72,14.376
5,814R,3,1.0198,117.98,14.376
5,850,1,1.0289,-2.34,14.376
5,850,2,1.02,-122.73,14.376
5,850,3,1.0198,117.98,14.376
5,816,1,1.0286,-2.35,14.376
5,816,2,1.0198,-122.73,14.376
5,816,3,1.0195,117.98,14.376
5,818,1,1.0276,-2.35,14.376
5,824,1,1.0195,-2.46,14.376
5,824,2,1.0103,-122.96,14.376
5,824,3,1.0111,117.72,14.376
5,820,1,1.0042,-2.41,14.376
5,822,1,1.0012,-2.41,14.376
5,826,2,1.0101,-122.96,14.376
5,828,1,1.0188,-2.47,14.376
5,828,2,1.0096,-122.98,14.376
5,828,3,1.0104,117.7,14.376
5,830,1,1.001,-2.73,14.376
5,830,2,0.9927,-123.43,14.376
5,830,3,0.9933,117.2,14.376
5,854,1,1.0005,-2.74,14.376
5,854,2,0.9922,-123.44,14.376
5,854,3,0.9929,117.19,14.376
5,832,1,1.0486,-3.23,14.376
5,832,2,1.0405,-124.26,14.376
5,832,3,1.0413,116.26,14.376
5,858,1,1.0463,-3.29,14.376
5,858,2,1.0382,-124.35,14.376
5,858,3,1.0392,116.15,14.376
5,834,1,1.0436,-3.36,14.376
5,834,2,1.0354,-124.46,14.376
5,834,3,1.0366,116.02,14.376
5,860,1,1.0431,-3.35,14.376
5,860,2,1.035,-124.46,14.376
5,860,3,1.0363,116.02,14.376
5,842,1,1.0435,-3.36,14.376
5,842,2,1.0354,-124.47,14.376
5,842,3,1.0366,116.01,14.376
5,836,1,1.0429,-3.35,14.376
5,836,2,1.0347,-124.46,14.376
5,836,3,1.0361,116.02,14.376
5,840,1,1.0429,-3.35,14.376
5,840,2,1.0346,-124.46,14.376
5,840,3,1.0361,116.02,14.376
5,862,1,1.0429,-3.35,14.376
5,862,2,1.0346,-124.46,14.376
5,862,3,1.0361,116.02,14.376
5,844,1,1.0433,-3.39,14.376
5,844,2,1.0351,-124.49,14.376
5,844,3,1.0364,115.99,14.376
5,846,1,1.0436,-3.43,14.376
5,846,2,1.035,-124.54,14.376
5,846,3,1.0367,115.94,14.376
5,848,1,1.0436,-3.44,14.376
5,848,2,1.0351,-124.54,14.376
5,848,3,1.0367,115.93,14.376
5,852R,1,1.0486,-3.23,14.376
5,852R,2,1.0405,-124.26,14.376
5,852R,3,1.0414,116.26,14.376
5,888,1,1.0122,-4.73,2.402
5,888,2,1.0043,-125.8,2.402
5,888,3,1.0053,114.74,2.402
5,856,2,0.9921,-123.45,14.376
5,852,1,0.9699,-3.21,14.376
5,852,2,0.9624,-124.24,14.376
5,852,3,0.9632,116.27,14.376
5,864,1,1.0463,-3.29,14.376
5,838,2,1.0345,-124.46,14.376
5,890,1,0.9292,-5.28,2.402
5,890,2,0.9296,-126.83,2.402
5,890,3,0.9231,113.91,2.402
6,SOURCEBUS,1,1.05,30.0,39.837
6,SOURCEBUS,2,1.05,-90.0,39.837
6,SOURCEBUS,3,1.05,150.0,39.837
6,800,1,1.05,-0.0,14.376
6,800,2,1.05,-120.0,14.376
6,800,3,1.05,120.0,14.376
6,802,1,1.0474,-0.05,14.376
6,802,2,1.0484,-120.07,14.376
6,802,3,1.0484,119.95,14.376
6,806,1,1.0457,-0.09,14.376
6,806,2,1.0475,-120.11,14.376
6,806,3,1.0474,119.91,14.376
6,808,1,1.0135,-0.77,14.376
6,808,2,1.0299,-120.95,14.376
6,808,3,1.0287,119.3,14.376
6,810,2,1.0297,-120.96,14.376
6,812,1,0.9761,-1.62,14.376
6,812,2,1.0106,-121.93,14.376
6,812,3,1.0066,118.58,14.376
6,814,1,0.9464,-2.32,14.376
6,814,2,0.9953,-122.71,14.376
6,814,3,0.989,118.0,14.376
6,814R,1,1.029,-2.34,14.376
6,814R,2,1.02,-122.72,14.376
6,814R,3,1.0198,117.98,14.376
6,850,1,1.0289,-2.34,14.376
6,850,2,1.02,-122.73,14.376
6,850,3,1.0198,117.98,14.376
6,816,1,1.0286,-2.35,14.376
6,816,2,1.0198,-122.73,14.376
6,816,3,1.0195,117.98,14.376
6,818,1,1.0276,-2.35,14.376
6,824,1,1.0195,-2.46,14.376
6,824,2,1.0103,-122.96,14.376
6,824,3,1.0111,117.72,14.376
6,820,1,1.0042,-2.41,14.376
6,822,1,1.0012,-2.41,14.376
6,826,2,1.0101,-122.96,14.376
6,828,1,1.0188,-2.47,14.376
6,828,2,1.0096,-122.98,14.376
6,828,3,1.0104,117.7,14.376
6,830,1,1.001,-2.73,14.376
6,830,2,0.9927,-123.43,14.376
6,830,3,0.9933,117.2,14.376
6,854,1,1.0005,-2.74,14.376
6,854,2,0.9922,-123.44,14.376
6,854,3,0.9929,117.19,14.376
6,832,1,1.0486,-3.23,14.376
6,832,2,1.0405,-124.26,14.376
6,832,3,1.0413,116.26,14.376
6,858,1,1.0463,-3.29,14.376
6,858,2,1.0382,-124.35,14.376
6,858,3,1.0392,116.15,14.376
6,834,1,1.0436,-3.36,14.376
6,834,2,1.0354,-124.46,14.376
6,834,3,1.0366,116.02,14.376
6,860,1,1.0431,-3.35,14.376
6,860,2,1.035,-124.46,14.376
6,860,3,1.0363,116.02,14.376
6,842,1,1.0435,-3.36,14.376
6,842,2,1.0354,-124.47,14.376
6,842,3,1.0366,116.01,14.376
6,836,1,1.0429,-3.35,14.376
6,836,2,1.0347,-124.46,14.376
6,836,3,1.0361,116.02,14.376
6,840,1,1.0429,-3.35,14.376
6,840,2,1.0346,-124.46,14.376
6,840,3,1.0361,116.02,14.376
6,862,1,1.0429,-3.35,14.376
6,862,2,1.0346,-124.46,14.376
6,862,3,1.0361,116.02,14.376
6,844,1,1.0433,-3.39,14.376
6,844,2,1.0351,-124.49,14.376
6,844,3,1.0364,115.99,14.376
6,846,1,1.0436,-3.43,14.376
6,846,2,1.035,-124.54,14.376
6,846,3,1.0367,115.94,14.376
6,848,1,1.0436,-3.44,14.376
6,848,2,1.0351,-124.54,14.376
6,848,3,1.0367,115.93,14.376
6,852R,1,1.0486,-3.23,14.376
6,852R,2,1.0405,-124.26,14.376
6,852R,3,1.0414,116.26,14.376
6,888,1,1.0122,-4.73,2.402
6,888,2,1.0043,-125.8,2.402
6,888,3,1.0053,114.74,2.402
6,856,2,0.9921,-123.45,14.376
6,852,1,0.9699,-3.21,14.376
6,852,2,0.9624,-124.24,14.376
6,852,3,0.9632,116.27,14.376
6,864,1,1.0463,-3.29,14.376
6,838,2,1.0345,-124.46,14.376
6,890,1,0.9292,-5.28,2.402
6,890,2,0.9296,-126.83,2.402
6,890,3,0.9231,113.91,2.402
7,SOURCEBUS,1,1.05,30.0,39.837
7,SOURCEBUS,2,1.05,-90.0,39.837
7,SOURCEBUS,3,1.05,150.0,39.837
7,800,1,1.05,-0.0,14.376
7,800,2,1.05,-120.0,14.376
7,800,3,1.05,120.0,14.376
7,802,1,1.0474,-0.05,14.376
7,802,2,1.0484,-120.07,14.376
7,802,3,1.0484,119.95,14.376
7,806,1,1.0457,-0.09,14.376
7,806,2,1.0475,-120.11,14.376
7,806,3,1.0474,119.91,14.376
7,808,1,1.0135,-0.77,14.376
7,808,2,1.0299,-120.95,14.376
7,808,3,1.0287,119.3,14.376
7,810,2,1.0297,-120.96,14.376
7,812,1,0.9761,-1.62,14.376
7,812,2,1.0106,-121.93,14.376
7,812,3,1.0066,118.58,14.376
7,814,1,0.9464,-2.32,14.376
7,814,2,0.9953,-122.71,14.376
7,814,3,0.989,118.0,14.376
7,814R,1,1.029,-2.34,14.376
7,814R,2,1.02,-122.72,14.376
7,814R,3,1.0198,117.98,14.376
7,850,1,1.0289,-2.34,14.376
7,850,2,1.02,-122.73,14.376
7,850,3,1.0198,117.98,14.376
7,816,1,1.0286,-2.35,14.376
7,816,2,1.0198,-122.73,14.376
7,816,3,1.0195,117.98,14.376
7,818,1,1.0276,-2.35,14.376
7,824,1,1.0195,-2.46,14.376
7,824,2,1.0103,-122.96,14.376
7,824,3,1.0111,117.72,14.376
7,820,1,1.0042,-2.41,14.376
7,822,1,1.0012,-2.41,14.376
7,826,2,1.0101,-122.96,14.376
7,828,1,1.0188,-2.47,14.376
7,828,2,1.0096,-122.98,14.376
7,828,3,1.0104,117.7,14.376
7,830,1,1.001,-2.73,14.376
7,830,2,0.9927,-123.43,14.376
7,830,3,0.9933,117.2,14.376
7,854,1,1.0005,-2.74,14.376
7,854,2,0.9922,-123.44,14.376
7,854,3,0.9929,117.19,14.376
7,832,1,1.0486,-3.23,14.376
7,832,2,1.0405,-124.26,14.376
7,832,3,1.0413,116.26,14.376
7,858,1,1.0463,-3.29,14.376
7,858,2,1.0382,-124.35,14.376
7,858,3,1.0392,116.15,14.376
7,834,1,1.0436,-3.36,14.376
7,834,2,1.0354,-124.46,14.376
7,834,3,1.0366,116.02,14.376
7,860,1,1.0431,-3.35,14.376
7,860,2,1.035,-124.46,14.376
7,860,3,1.0363,116.02,14.376
7,842,1,1.0435,-3.36,14.376
7,842,2,1.0354,-124.47,14.376
7,842,3,1.0366,116.01,14.376
7,836,1,1.0429,-3.35,14.376
7,836,2,1.0347,-124.46,14.376
7,836,3,1.0361,116.02,14.376
7,840,1,1.0429,-3.35,14.376
7,840,2,1.0346,-124.46,14.376
7,840,3,1.0361,116.02,14.376
7,862,1,1.0429,-3.35,14.376
7,862,2,1.0346,-124.46,14.376
7,862,3,1.0361,116.02,14.376
7,844,1,1.0433,-3.39,14.376
7,844,2,1.0351,-124.49,14.376
7,844,3,1.0364,115.99,14.376
7,846,1,1.0436,-3.43,14.376
7,846,2,1.035,-124.54,14.376
7,846,3,1.0367,115.94,14.376
7,848,1,1.0436,-3.44,14.376
7,848,2,1.0351,-124.54,14.376
7,848,3,1.0367,115.93,14.376
7,852R,1,1.0486,-3.23,14.376
7,852R,2,1.0405,-124.26,14.376
7,852R,3,1.0414,116.26,14.376
7,888,1,1.0122,-4.73,2.402
7,888,2,1.0043,-125.8,2.402
7,888,3,1.0053,114.74,2.402
7,856,2,0.9921,-123.45,14.376
7,852,1,0.9699,-3.21,14.376
7,852,2,0.9624,-124.24,14.376
7,852,3,0.9632,116.27,14.376
7,864,1,1.0463,-3.29,14.376
7,838,2,1.0345,-124.46,14.376
7,890,1,0.9292,-5.28,2.402
7,890,2,0.9296,-126.83,2.402
7,890,3,0.9231,113.91,2.402
8,SOURCEBUS,1,1.05,30.0,39.837
8,SOURCEBUS,2,1.05,-90.0,39.837
8,SOURCEBUS,3,1.05,150.0,39.837
8,800,1,1.05,-0.0,14.376
8,800,2,1.05,-120.0,14.376
8,800,3,1.05,120.0,14.376
8,802,1,1.0474,-0.05,14.376
8,802,2,1.0484,-120.07,14.376
8,802,3,1.0484,119.95,14.376
8,806,1,1.0457,-0.09,14.376
8,806,2,1.0475,-120.11,14.376
8,806,3,1.0474,119.91,14.376
8,808,1,1.0135,-0.77,14.376
8,808,2,1.0299,-120.95,14.376
8,808,3,1.0287,119.3,14.376
8,810,2,1.0297,-120.96,14.376
8,812,1,0.9761,-1.62,14.376
8,812,2,1.0106,-121.93,14.376
8,812,3,1.0066,118.58,14.376
8,814,1,0.9464,-2.32,14.376
8,814,2,0.9953,-122.71,14.376
8,814,3,0.989,118.0,14.376
8,814R,1,1.029,-2.34,14.376
8,814R,2,1.02,-122.72,14.376
8,814R,3,1.0198,117.98,14.376
8,850,1,1.0289,-2.34,14.376
8,850,2,1.02,-122.73,14.376
8,850,3,1.0198,117.98,14.376
8,816,1,1.0286,-2.35,14.376
8,816,2,1.0198,-122.73,14.376
8,816,3,1.0195,117.98,14.376
8,818,1,1.0276,-2.35,14.376
8,824,1,1.0195,-2.46,14.376
8,824,2,1.0103,-122.96,14.376
8,824,3,1.0111,117.72,14.376
8,820,1,1.0042,-2.41,14.376
8,822,1,1.0012,-2.41,14.376
8,826,2,1.0101,-122.96,14.376
8,828,1,1.0188,-2.47,14.376
8,828,2,1.0096,-122.98,14.376
8,828,3,1.0104,117.7,14.376
8,830,1,1.001,-2.73,14.376
8,830,2,0.9927,-123.43,14.376
8,830,3,0.9933,117.2,14.376
8,854,1,1.0005,-2.74,14.376
8,854,2,0.9922,-123.44,14.376
8,854,3,0.9929,117.19,14.376
8,832,1,1.0486,-3.23,14.376
8,832,2,1.0405,-124.26,14.376
8,832,3,1.0413,116.26,14.376
8,858,1,1.0463,-3.29,14.376
8,858,2,1.0382,-124.35,14.376
8,858,3,1.0392,116.15,14.376
8,834,1,1.0436,-3.36,14.376
8,834,2,1.0354,-124.46,14.376
8,834,3,1.0366,116.02,14.376
8,860,1,1.0431,-3.35,14.376
8,860,2,1.035,-124.46,14.376
8,860,3,1.0363,116.02,14.376
8,842,1,1.0435,-3.36,14.376
8,842,2,1.0354,-124.47,14.376
8,842,3,1.0366,116.01,14.376
8,836,1,1.0429,-3.35,14.376
8,836,2,1.0347,-124.46,14.376
8,836,3,1.0361,116.02,14.376
8,840,1,1.0429,-3.35,14.376
8,840,2,1.0346,-124.46,14.376
8,840,3,1.0361,116.02,14.376
8,862,1,1.0429,-3.35,14.376
8,862,2,1.0346,-124.46,14.376
8,862,3,1.0361,116.02,14.376
8,844,1,1.0433,-3.39,14.376
8,844,2,1.0351,-124.49,14.376
8,844,3,1.0364,115.99,14.376
8,846,1,1.0436,-3.43,14.376
8,846,2,1.035,-124.54,14.376
8,846,3,1.0367,115.94,14.376
8,848,1,1.0436,-3.44,14.376
8,848,2,1.0351,-124.54,14.376
8,848,3,1.0367,115.93,14.376
8,852R,1,1.0486,-3.23,14.376
8,852R,2,1.0405,-124.26,14.376
8,852R,3,1.0414,116.26,14.376
8,888,1,1.0122,-4.73,2.402
8,888,2,1.0043,-125.8,2.402
8,888,3,1.0053,114.74,2.402
8,856,2,0.9921,-123.45,14.376
8,852,1,0.9699,-3.21,14.376
8,852,2,0.9624,-124.24,14.376
8,852,3,0.9632,116.27,14.376
8,864,1,1.0463,-3.29,14.376
8,838,2,1.0345,-124.46,14.376
8,890,1,0.9292,-5.28,2.402
8,890,2,0.9296,-126.83,2.402
8,890,3,0.9231,113.91,2.402
9,SOURCEBUS,1,1.05,30.0,39.837
9,SOURCEBUS,2,1.05,-90.0,39.837
9,SOURCEBUS,3,1.05,150.0,39.837
9,800,1,1.05,-0.0,14.376
9,800,2,1.05,-120.0,14.376
9,800,3,1.05,120.0,14.376
9,802,1,1.0474,-0.05,14.376
9,802,2,1.0484,-120.07,14.376
9,802,3,1.0484,119.95,14.376
9,806,1,1.0457,-0.09,14.376
9,806,2,1.0475,-120.11,14.376
9,806,3,1.0474,119.91,14.376
9,808,1,1.0135,-0.77,14.376
9,808,2,1.0299,-120.95,14.376
9,808,3,1.0287,119.3,14.376
9,810,2,1.0297,-120.96,14.376
9,812,1,0.9761,-1.62,14.376
9,812,2,1.0106,-121.93,14.376
9,812,3,1.0066,118.58,14.376
9,814,1,0.9464,-2.32,14.376
9,814,2,0.9953,-122.71,14.376
9,814,3,0.989,118.0,14.376
9,814R,1,1.029,-2.34,14.376
9,814R,2,1.02,-122.72,14.376
9,814R,3,1.0198,117.98,14.376
9,850,1,1.0289,-2.34,14.376
9,850,2,1.02,-122.73,14.376
9,850,3,1.0198,117.98,14.376
9,816,1,1.0286,-2.35,14.376
9,816,2,1.0198,-122.73,14.376
9,816,3,1.0195,117.98,14.376
9,818,1,1.0276,-2.35,14.376
9,824,1,1.0195,-2.46,14.376
9,824,2,1.0103,-122.96,14.376
9,824,3,1.0111,117.72,14.376
9,820,1,1.0042,-2.41,14.376
9,822,1,1.0012,-2.41,14.376
9,826,2,1.0101,-122.96,14.376
9,828,1,1.0188,-2.47,14.376
9,828,2,1.0096,-122.98,14.376
9,828,3,1.0104,117.7,14.376
9,830,1,1.001,-2.73,14.376
9,830,2,0.9927,-123.43,14.376
9,830,3,0.9933,117.2,14.376
9,854,1,1.0005,-2.74,14.376
9,854,2,0.9922,-123.44,14.376
9,854,3,0.9929,117.19,14.376
9,832,1,1.0486,-3.23,14.376
9,832,2,1.0405,-124.26,14.376
9,832,3,1.0413,116.26,14.376
9,858,1,1.0463,-3.29,14.376
9,858,2,1.0382,-124.35,14.376
9,858,3,1.0392,116.15,14.376
9,834,1,1.0436,-3.36,14.376
9,834,2,1.0354,-124.46,14.376
9,834,3,1.0366,116.02,14.376
9,860,1,1.0431,-3.35,14.376
9,860,2,1.035,-124.46,14.376
9,860,3,1.0363,116.02,14.376
9,842,1,1.0435,-3.36,14.376
9,842,2,1.0354,-124.47,14.376
9,842,3,1.0366,116.01,14.376
9,836,1,1.0429,-3.35,14.376
9,836,2,1.0347,-124.46,14.376
9,836,3,1.0361,116.02,14.376
9,840,1,1.0429,-3.35,14.376
9,840,2,1.0346,-124.46,14.376
9,840,3,1.0361,116.02,14.376
9,862,1,1.0429,-3.35,14.376
9,862,2,1.0346,-124.46,14.376
9,862,3,1.0361,116.02,14.376
9,844,1,1.0433,-3.39,14.376
9,844,2,1.0351,-124.49,14.376
9,844,3,1.0364,115.99,14.376
9,846,1,1.0436,-3.43,14.376
9,846,2,1.035,-124.54,14.376
9,846,3,1.0367,115.94,14.376
9,848,1,1.0436,-3.44,14.376
9,848,2,1.0351,-124.54,14.376
9,848,3,1.0367,115.93,14.376
9,852R,1,1.0486,-3.23,14.376
9,852R,2,1.0405,-124.26,14.376
9,852R,3,1.0414,116.26,14.376
9,888,1,1.0122,-4.73,2.402
9,888,2,1.0043,-125.8,2.402
9,888,3,1.0053,114.74,2.402
9,856,2,0.9921,-123.45,14.376
9,852,1,0.9699,-3.21,14.376
9,852,2,0.9624,-124.24,14.376
9,852,3,0.9632,116.27,14.376
9,864,1,1.0463,-3.29,14.376
9,838,2,1.0345,-124.46,14.376
9,890,1,0.9292,-5.28,2.402
9,890,2,0.9296,-126.83,2.402
9,890,3,0.9231,113.91,2.402
10,SOURCEBUS,1,1.05,30.0,39.837
10,SOURCEBUS,2,1.05,-90.0,39.837
10,SOURCEBUS,3,1.05,150.0,39.837
10,800,1,1.05,-0.0,14.376
10,800,2,1.05,-120.0,14.376
10,800,3,1.05,120.0,14.376
10,802,1,1.0474,-0.05,14.376
10,802,2,1.0484,-120.07,14.376
10,802,3,1.0484,119.95,14.376
10,806,1,1.0457,-0.09,14.376
10,806,2,1.0475,-120.11,14.376
10,806,3,1.0474,119.91,14.376
10,808,1,1.0135,-0.77,14.376
10,808,2,1.0299,-120.95,14.376
10,808,3,1.0287,119.3,14.376
10,810,2,1.0297,-120.96,14.376
10,812,1,0.9761,-1.62,14.376
10,812,2,1.0106,-121.93,14.376
10,812,3,1.0066,118.58,14.376
10,814,1,0.9464,-2.32,14.376
10,814,2,0.9953,-122.71,14.376
10,814,3,0.989,118.0,14.376
10,814R,1,1.029,-2.34,14.376
10,814R,2,1.02,-122.72,14.376
10,814R,3,1.0198,117.98,14.376
10,850,1,1.0289,-2.34,14.376
10,850,2,1.02,-122.73,14.376
10,850,3,1.0198,117.98,14.376
10,816,1,1.0286,-2.35,14.376
10,816,2,1.0198,-122.73,14.376
10,816,3,1.0195,117.98,14.376
10,818,1,1.0276,-2.35,14.376
10,824,1,1.0195,-2.46,14.376
10,824,2,1.0103,-122.96,14.376
10,824,3,1.0111,117.72,14.376
10,820,1,1.0042,-2.41,14.376
10,822,1,1.0012,-2.41,14.376
10,826,2,1.0101,-122.96,14.376
10,828,1,1.0188,-2.47,14.376
10,828,2,1.0096,-122.98,14.376
10,828,3,1.0104,117.7,14.376
10,830,1,1.001,-2.73,14.376
10,830,2,0.9927,-123.43,14.376
10,830,3,0.9933,117.2,14.376
10,854,1,1.0005,-2.74,14.376
10,854,2,0.9922,-123.44,14.376
10,854,3,0.9929,117.19,14.376
10,832,1,1.0486,-3.23,14.376
10,832,2,1.0405,-124.26,14.376
10,832,3,1.0413,116.26,14.376
10,858,1,1.0463,-3.29,14.376
10,858,2,1.0382,-124.35,14.376
10,858,3,1.0392,116.15,14.376
10,834,1,1.0436,-3.36,14.376
10,834,2,1.0354,-124.46,14.376
10,834,3,1.0366,116.02,14.376
10,860,1,1.0431,-3.35,14.376
10,860,2,1.035,-124.46,14.376
10,860,3,1.0363,116.02,14.376
10,842,1,1.0435,-3.36,14.376
10,842,2,1.0354,-124.47,14.376
10,842,3,1.0366,116.01,14.376
10,836,1,1.0429,-3.35,14.376
10,836,2,1.0347,-124.46,14.376
10,836,3,1.0361,116.02,14.376
10,840,1,1.0429,-3.35,14.376
10,840,2,1.0346,-124.46,14.376
10,840,3,1.0361,116.02,14.376
10,862,1,1.0429,-3.35,14.376
10,862,2,1.0346,-124.46,14.376
10,862,3,1.0361,116.02,14.376
10,844,1,1.0433,-3.39,14.376
10,844,2,1.0351,-124.49,14.376
10,844,3,1.0364,115.99,14.376
10,846,1,1.0436,-3.43,14.376
10,846,2,1.035,-124.54,14.376
10,846,3,1.0367,115.94,14.376
10,848,1,1.0436,-3.44,14.376
10,848,2,1.0351,-124.54,14.376
10,848,3,1.0367,115.93,14.376
10,852R,1,1.0486,-3.23,14.376
10,852R,2,1.0405,-124.26,14.376
10,852R,3,1.0414,116.26,14.376
10,888,1,1.0122,-4.73,2.402
10,888,2,1.0043,-125.8,2.402
10,888,3,1.0053,114.74,2.402
10,856,2,0.9921,-123.45,14.376
10,852,1,0.9699,-3.21,14.376
10,852,2,0.9624,-124.24,14.376
10,852,3,0.9632,116.27,14.376
10,864,1,1.0463,-3.29,14.376
10,838,2,1.0345,-124.46,14.376
10,890,1,0.9292,-5.28,2.402
10,890,2,0.9296,-126.83,2.402
10,890,3,0.9231,113.91,2.402
11,SOURCEBUS,1,1.05,30.0,39.837
11,SOURCEBUS,2,1.05,-90.0,39.837
11,SOURCEBUS,3,1.05,150.0,39.837
11,800,1,1.05,-0.0,14.376
11,800,2,1.05,-120.0,14.376
11,800,3,1.05,120.0,14.376
11,802,1,1.0474,-0.05,14.376
11,802,2,1.0484,-120.07,14.376
11,802,3,1.0484,119.95,14.376
11,806,1,1.0457,-0.09,14.376
11,806,2,1.0475,-120.11,14.376
11,806,3,1.0474,119.91,14.376
11,808,1,1.0135,-0.77,14.376
11,808,2,1.0299,-120.95,14.376
11,808,3,1.0287,119.3,14.376
11,810,2,1.0297,-120.96,14.376
11,812,1,0.9761,-1.62,14.376
11,812,2,1.0106,-121.93,14.376
11,812,3,1.0066,118.58,14.376
11,814,1,0.9464,-2.32,14.376
11,814,2,0.9953,-122.71,14.376
11,814,3,0.989,118.0,14.376
11,814R,1,1.029,-2.34,14.376
11,814R,2,1.02,-122.72,14.376
11,814R,3,1.0198,117.98,14.376
11,850,1,1.0289,-2.34,14.376
11,850,2,1.02,-122.73,14.376
11,850,3,1.0198,117.98,14.376
11,816,1,1.0286,-2.35,14.376
11,816,2,1.0198,-122.73,14.376
11,816,3,1.0195,117.98,14.376
11,818,1,1.0276,-2.35,14.376
11,824,1,1.0195,-2.46,14.376
11,824,2,1.0103,-122.96,14.376
11,824,3,1.0111,117.72,14.376
11,820,1,1.0042,-2.41,14.376
11,822,1,1.0012,-2.41,14.376
11,826,2,1.0101,-122.96,14.376
11,828,1,1.0188,-2.47,14.376
11,828,2,1.0096,-122.98,14.376
11,828,3,1.0104,117.7,14.376
11,830,1,1.001,-2.73,14.376
11,830,2,0.9927,-123.43,14.376
11,830,3,0.9933,117.2,14.376
11,854,1,1.0005,-2.74,14.376
11,854,2,0.9922,-123.44,14.376
11,854,3,0.9929,117.19,14.376
11,832,1,1.0486,-3.23,14.376
11,832,2,1.0405,-124.26,14.376
11,832,3,1.0413,116.26,14.376
11,858,1,1.0463,-3.29,14.376
11,858,2,1.0382,-124.35,14.376
11,858,3,1.0392,116.15,14.376
11,834,1,1.0436,-3.36,14.376
11,834,2,1.0354,-124.46,14.376
11,834,3,1.0366,116.02,14.376
11,860,1,1.0431,-3.35,14.376
11,860,2,1.035,-124.46,14.376
11,860,3,1.0363,116.02,14.376
11,842,1,1.0435,-3.36,14.376
11,842,2,1.0354,-124.47,14.376
11,842,3,1.0366,116.01,14.376
11,836,1,1.0429,-3.35,14.376
11,836,2,1.0347,-124.46,14.376
11,836,3,1.0361,116.02,14.376
11,840,1,1.0429,-3.35,14.376
11,840,2,1.0346,-124.46,14.376
11,840,3,1.0361,116.02,14.376
11,862,1,1.0429,-3.35,14.376
11,862,2,1.0346,-124.46,14.376
11,862,3,1.0361,116.02,14.376
11,844,1,1.0433,-3.39,14.376
11,844,2,1.0351,-124.49,14.376
11,844,3,1.0364,115.99,14.376
11,846,1,1.0436,-3.43,14.376
11,846,2,1.035,-124.54,14.376
11,846,3,1.0367,115.94,14.376
11,848,1,1.0436,-3.44,14.376
11,848,2,1.0351,-124.54,14.376
11,848,3,1.0367,115.93,14.376
11,852R,1,1.0486,-3.23,14.376
11,852R,2,1.0405,-124.26,14.376
11,852R,3,1.0414,116.26,14.376
11,888,1,1.0122,-4.73,2.402
11,888,2,1.0043,-125.8,2.402
11,888,3,1.0053,114.74,2.402
11,856,2,0.9921,-123.45,14.376
11,852,1,0.9699,-3.21,14.376
11,852,2,0.9624,-124.24,14.376
11,852,3,0.9632,116.27,14.376
11,864,1,1.0463,-3.29,14.376
11,838,2,1.0345,-124.46,14.376
11,890,1,0.9292,-5.28,2.402
11,890,2,0.9296,-126.83,2.402
11,890,3,0.9231,113.91,2.402
12,SOURCEBUS,1,1.05,30.0,39.837
12,SOURCEBUS,2,1.05,-90.0,39.837
12,SOURCEBUS,3,1.05,150.0,39.837
12,800,1,1.05,-0.0,14.376
12,800,2,1.05,-120.0,14.376
12,800,3,1.05,120.0,14.376
12,802,1,1.0474,-0.05,14.376
12,802,2,1.0484,-120.07,14.376
12,802,3,1.0484,119.95,14.376
12,806,1,1.0457,-0.09,14.376
12,806,2,1.0475,-120.11,14.376
12,806,3,1.0474,119.91,14.376
12,808,1,1.0135,-0.77,14.376
12,808,2,1.0299,-120.95,14.376
12,808,3,1.0287,119.3,14.376
12,810,2,1.0297,-120.96,14.376
12,812,1,0.9761,-1.62,14.376
12,812,2,1.0106,-121.93,14.376
12,812,3,1.0066,118.58,14.376
12,814,1,0.9464,-2.32,14.376
12,814,2,0.9953,-122.71,14.376
12,814,3,0.989,118.0,14.376
12,814R,1,1.029,-2.34,14.376
12,814R,2,1.02,-122.72,14.376
12,814R,3,1.0198,117.98,14.376
12,850,1,1.0289,-2.34,14.376
12,850,2,1.02,-122.73,14.376
12,850,3,1.0198,117.98,14.376
12,816,1,1.0286,-2.35,14.376
12,816,2,1.0198,-122.73,14.376
12,816,3,1.0195,117.98,14.376
12,818,1,1.0276,-2.35,14.376
12,824,1,1.0195,-2.46,14.376
12,824,2,1.0103,-122.96,14.376
12,824,3,1.0111,117.72,14.376
12,820,1,1.0042,-2.41,14.376
12,822,1,1.0012,-2.41,14.376
12,826,2,1.0101,-122.96,14.376
12,828,1,1.0188,-2.47,14.376
12,828,2,1.0096,-122.98,14.376
12,828,3,1.0104,117.7,14.376
12,830,1,1.001,-2.73,14.376
12,830,2,0.9927,-123.43,14.376
12,830,3,0.9933,117.2,14.376
12,854,1,1.0005,-2.74,14.376
12,854,2,0.9922,-123.44,14.376
12,854,3,0.9929,117.19,14.376
12,832,1,1.0486,-3.23,14.376
12,832,2,1.0405,-124.26,14.376
12,832,3,1.0413,116.26,14.376
12,858,1,1.0463,-3.29,14.376
12,858,2,1.0382,-124.35,14.376
12,858,3,1.0392,116.15,14.376
12,834,1,1.0436,-3.36,14.376
12,834,2,1.0354,-124.46,14.376
12,834,3,1.0366,116.02,14.376
12,860,1,1.0431,-3.35,14.376
12,860,2,1.035,-124.46,14.376
12,860,3,1.0363,116.02,14.376
12,842,1,1.0435,-3.36,14.376
12,842,2,1.0354,-124.47,14.376
12,842,3,1.0366,116.01,14.376
12,836,1,1.0429,-3.35,14.376
12,836,2,1.0347,-124.46,14.376
12,836,3,1.0361,116.02,14.376
12,840,1,1.0429,-3.35,14.376
12,840,2,1.0346,-124.46,14.376
12,840,3,1.0361,116.02,14.376
12,862,1,1.0429,-3.35,14.376
12,862,2,1.0346,-124.46,14.376
12,862,3,1.0361,116.02,14.376
12,844,1,1.0433,-3.39,14.376
12,844,2,1.0351,-124.49,14.376
12,844,3,1.0364,115.99,14.376
12,846,1,1.0436,-3.43,14.376
12,846,2,1.035,-124.54,14.376
12,846,3,1.0367,115.94,14.376
12,848,1,1.0436,-3.44,14.376
12,848,2,1.0351,-124.54,14.376
12,848,3,1.0367,115.93,14.376
12,852R,1,1.0486,-3.23,14.376
12,852R,2,1.0405,-124.26,14.376
12,852R,3,1.0414,116.26,14.376
12,888,1,1.0122,-4.73,2.402
12,888,2,1.0043,-125.8,2.402
12,888,3,1.0053,114.74,2.402
12,856,2,0.9921,-123.45,14.376
12,852,1,0.9699,-3.21,14.376
12,852,2,0.9624,-124.24,14.376
12,852,3,0.9632,116.27,14.376
12,864,1,1.0463,-3.29,14.376
12,838,2,1.0345,-124.46,14.376
12,890,1,0.9292,-5.28,2.402
12,890,2,0.9296,-126.83,2.402
12,890,3,0.9231,113.91,2.402
13,SOURCEBUS,1,1.05,30.0,39.837
13,SOURCEBUS,2,1.05,-90.0,39.837
13,SOURCEBUS,3,1.05,150.0,39.837
13,800,1,1.05,-0.0,14.376
13,800,2,1.05,-120.0,14.376
13,800,3,1.05,120.0,14.376
13,802,1,1.0474,-0.05,14.376
13,802,2,1.0484,-120.07,14.376
13,802,3,1.0484,119.95,14.376
13,806,1,1.0457,-0.09,14.376
13,806,2,1.0475,-120.11,14.376
13,806,3,1.0474,119.91,14.376
13,808,1,1.0135,-0.77,14.376
13,808,2,1.0299,-120.95,14.376
13,808,3,1.0287,119.3,14.376
13,810,2,1.0297,-120.96,14.376
13,812,1,0.9761,-1.62,14.376
13,812,2,1.0106,-121.93,14.376
13,812,3,1.0066,118.58,14.376
13,814,1,0.9464,-2.32,14.376
13,814,2,0.9953,-122.71,14.376
13,814,3,0.989,118.0,14.376
13,814R,1,1.029,-2.34,14.376
13,814R,2,1.02,-122.72,14.376
13,814R,3,1.0198,117.98,14.376
13,850,1,1.0289,-2.34,14.376
13,850,2,1.02,-122.73,14.376
13,850,3,1.0198,117.98,14.376
13,816,1,1.0286,-2.35,14.376
13,816,2,1.0198,-122.73,14.376
13,816,3,1.0195,117.98,14.376
13,818,1,1.0276,-2.35,14.376
13,824,1,1.0195,-2.46,14.376
13,824,2,1.0103,-122.96,14.376
13,824,3,1.0111,117.72,14.376
13,820,1,1.0042,-2.41,14.376
13,822,1,1.0012,-2.41,14.376
13,826,2,1.0101,-122.96,14.376
13,828,1,1.0188,-2.47,14.376
13,828,2,1.0096,-122.98,14.376
13,828,3,1.0104,117.7,14.376
13,830,1,1.001,-2.73,14.376
13,830,2,0.9927,-123.43,14.376
13,830,3,0.9933,117.2,14.376
13,854,1,1.0005,-2.74,14.376
13,854,2,0.9922,-123.44,14.376
13,854,3,0.9929,117.19,14.376
13,832,1,1.0486,-3.23,14.376
13,832,2,1.0405,-124.26,14.376
13,832,3,1.0413,116.26,14.376
13,858,1,1.0463,-3.29,14.376
13,858,2,1.0382,-124.35,14.376
13,858,3,1.0392,116.15,14.376
13,834,1,1.0436,-3.36,14.376
13,834,2,1.0354,-124.46,14.376
13,834,3,1.0366,116.02,14.376
13,860,1,1.0431,-3.35,14.376
13,860,2,1.035,-124.46,14.376
13,860,3,1.0363,116.02,14.376
13,842,1,1.0435,-3.36,14.376
13,842,2,1.0354,-124.47,14.376
13,842,3,1.0366,116.01,14.376
13,836,1,1.0429,-3.35,14.376
13,836,2,1.0347,-124.46,14.376
13,836,3,1.0361,116.02,14.376
13,840,1,1.0429,-3.35,14.376
13,840,2,1.0346,-124.46,14.376
13,840,3,1.0361,116.02,14.376
13,862,1,1.0429,-3.35,14.376
13,862,2,1.0346,-124.46,14.376
13,862,3,1.0361,116.02,14.376
13,844,1,1.0433,-3.39,14.376
13,844,2,1.0351,-124.49,14.376
13,844,3,1.0364,115.99,14.376
13,846,1,1.0436,-3.43,14.376
13,846,2,1.035,-124.54,14.376
13,846,3,1.0367,115.94,14.376
13,848,1,1.0436,-3.44,14.376
13,848,2,1.0351,-124.54,14.376
13,848,3,1.0367,115.93,14.376
13,852R,1,1.0486,-3.23,14.376
13,852R,2,1.0405,-124.26,14.376
13,852R,3,1.0414,116.26,14.376
13,888,1,1.0122,-4.73,2.402
13,888,2,1.0043,-125.8,2.402
13,888,3,1.0053,114.74,2.402
13,856,2,0.9921,-123.45,14.376
13,852,1,0.9699,-3.21,14.376
13,852,2,0.9624,-124.24,14.376
13,852,3,0.9632,116.27,14.376
13,864,1,1.0463,-3.29,14.376
13,838,2,1.0345,-124.46,14.376
13,890,1,0.9292,-5.28,2.402
13,890,2,0.9296,-126.83,2.402
13,890,3,0.9231,113.91,2.402
14,SOURCEBUS,1,1.05,30.0,39.837
14,SOURCEBUS,2,1.05,-90.0,39.837
14,SOURCEBUS,3,1.05,150.0,39.837
14,800,1,1.05,-0.0,14.376
14,800,2,1.05,-120.0,14.376
14,800,3,1.05,120.0,14.376
14,802,1,1.0474,-0.05,14.376
14,802,2,1.0484,-120.07,14.376
14,802,3,1.0484,119.95,14.376
14,806,1,1.0457,-0.09,14.376
14,806,2,1.0475,-120.11,14.376
14,806,3,1.0474,119.91,14.376
14,808,1,1.0135,-0.77,14.376
14,808,2,1.0299,-120.95,14.376
14,808,3,1.0287,119.3,14.376
14,810,2,1.0297,-120.96,14.376
14,812,1,0.9761,-1.62,14.376
14,812,2,1.0106,-121.93,14.376
14,812,3,1.0066,118.58,14.376
14,814,1,0.9464,-2.32,14.376
14,814,2,0.9953,-122.71,14.376
14,814,3,0.989,118.0,14.376
14,814R,1,1.029,-2.34,14.376
14,814R,2,1.02,-122.72,14.376
14,814R,3,1.0198,117.98,14.376
14,850,1,1.0289,-2.34,14.376
14,850,2,1.02,-122.73,14.376
14,850,3,1.0198,117.98,14.376
14,816,1,1.0286,-2.35,14.376
14,816,2,1.0198,-122.73,14.376
14,816,3,1.0195,117.98,14.376
14,818,1,1.0276,-2.35,14.376
14,824,1,1.0195,-2.46,14.376
14,824,2,1.0103,-122.96,14.376
14,824,3,1.0111,117.72,14.376
14,820,1,1.0042,-2.41,14.376
14,822,1,1.0012,-2.41,14.376
14,826,2,1.0101,-122.96,14.376
14,828,1,1.0188,-2.47,14.376
14,828,2,1.0096,-122.98,14.376
14,828,3,1.0104,117.7,14.376
14,830,1,1.001,-2.73,14.376
14,830,2,0.9927,-123.43,14.376
14,830,3,0.9933,117.2,14.376
14,854,1,1.0005,-2.74,14.376
14,854,2,0.9922,-123.44,14.376
14,854,3,0.9929,117.19,14.376
14,832,1,1.0486,-3.23,14.376
14,832,2,1.0405,-124.26,14.376
14,832,3,1.0413,116.26,14.376
14,858,1,1.0463,-3.29,14.376
14,858,2,1.0382,-124.35,14.376
14,858,3,1.0392,116.15,14.376
14,834,1,1.0436,-3.36,14.376
14,834,2,1.0354,-124.46,14.376
14,834,3,1.0366,116.02,14.376
14,860,1,1.0431,-3.35,14.376
14,860,2,1.035,-124.46,14.376
14,860,3,1.0363,116.02,14.376
14,842,1,1.0435,-3.36,14.376
14,842,2,1.0354,-124.47,14.376
14,842,3,1.0366,116.01,14.376
14,836,1,1.0429,-3.35,14.376
14,836,2,1.0347,-124.46,14.376
14,836,3,1.0361,116.02,14.376
14,840,1,1.0429,-3.35,14.376
14,840,2,1.0346,-124.46,14.376
14,840,3,1.0361,116.02,14.376
14,862,1,1.0429,-3.35,14.376
14,862,2,1.0346,-124.46,14.376
14,862,3,1.0361,116.02,14.376
14,844,1,1.0433,-3.39,14.376
14,844,2,1.0351,-124.49,14.376
14,844,3,1.0364,115.99,14.376
14,846,1,1.0436,-3.43,14.376
14,846,2,1.035,-124.54,14.376
14,846,3,1.0367,115.94,14.376
14,848,1,1.0436,-3.44,14.376
14,848,2,1.0351,-124.54,14.376
14,848,3,1.0367,115.93,14.376
14,852R,1,1.0486,-3.23,14.376
14,852R,2,1.0405,-124.26,14.376
14,852R,3,1.0414,116.26,14.376
14,888,1,1.0122,-4.73,2.402
14,888,2,1.0043,-125.8,2.402
14,888,3,1.0053,114.74,2.402
14,856,2,0.9921,-123.45,14.376
14,852,1,0.9699,-3.21,14.376
14,852,2,0.9624,-124.24,14.376
14,852,3,0.9632,116.27,14.376
14,864,1,1.0463,-3.29,14.376
14,838,2,1.0345,-124.46,14.376
14,890,1,0.9292,-5.28,2.402
14,890,2,0.9296,-126.83,2.402
14,890,3,0.9231,113.91,2.402
15,SOURCEBUS,1,1.05,30.0,39.837
15,SOURCEBUS,2,1.05,-90.0,39.837
15,SOURCEBUS,3,1.05,150.0,39.837
15,800,1,1.05,-0.0,14.376
15,800,2,1.05,-120.0,14.376
15,800,3,1.05,120.0,14.376
15,802,1,1.0474,-0.05,14.376
15,802,2,1.0484,-120.07,14.376
15,802,3,1.0484,119.95,14.376
15,806,1,1.0457,-0.09,14.376
15,806,2,1.0475,-120.11,14.376
15,806,3,1.0474,119.91,14.376
15,808,1,1.0135,-0.77,14.376
15,808,2,1.0299,-120.95,14.376
15,808,3,1.0287,119.3,14.376
15,810,2,1.0297,-120.96,14.376
15,812,1,0.9761,-1.62,14.376
15,812,2,1.0106,-121.93,14.376
15,812,3,1.0066,118.58,14.376
15,814,1,0.9464,-2.32,14.376
15,814,2,0.9953,-122.71,14.376
15,814,3,0.989,118.0,14.376
15,814R,1,1.029,-2.34,14.376
15,814R,2,1.02,-122.72,14.376
15,814R,3,1.0198,117.98,14.376
15,850,1,1.0289,-2.34,14.376
15,850,2,1.02,-122.73,14.376
15,850,3,1.0198,117.98,14.376
15,816,1,1.0286,-2.35,14.376
15,816,2,1.0198,-122.73,14.376
15,816,3,1.0195,117.98,14.376
15,818,1,1.0276,-2.35,14.376
15,824,1,1.0195,-2.46,14.376
15,824,2,1.0103,-122.96,14.376
15,824,3,1.0111,117.72,14.376
15,820,1,1.0042,-2.41,14.376
15,822,1,1.0012,-2.41,14.376
15,826,2,1.0101,-122.96,14.376
15,828,1,1.0188,-2.47,14.376
15,828,2,1.0096,-122.98,14.376
15,828,3,1.0104,117.7,14.376
15,830,1,1.001,-2.73,14.376
15,830,2,0.9927,-123.43,14.376
15,830,3,0.9933,117.2,14.376
15,854,1,1.0005,-2.74,14.376
15,854,2,0.9922,-123.44,14.376
15,854,3,0.9929,117.19,14.376
15,832,1,1.0486,-3.23,14.376
15,832,2,1.0405,-124.26,14.376
15,832,3,1.0413,116.26,14.376
15,858,1,1.0463,-3.29,14.376
15,858,2,1.0382,-124.35,14.376
15,858,3,1.0392,116.15,14.376
15,834,1,1.0436,-3.36,14.376
15,834,2,1.0354,-124.46,14.376
15,834,3,1.0366,116.02,14.376
15,860,1,1.0431,-3.35,14.376
15,860,2,1.035,-124.46,14.376
15,860,3,1.0363,116.02,14.376
15,842,1,1.0435,-3.36,14.376
15,842,2,1.0354,-124.47,14.376
15,842,3,1.0366,116.01,14.376
15,836,1,1.0429,-3.35,14.376
15,836,2,1.0347,-124.46,14.376
15,836,3,1.0361,116.02,14.376
15,840,1,1.0429,-3.35,14.376
15,840,2,1.0346,-124.46,14.376
15,840,3,1.0361,116.02,14.376
15,862,1,1.0429,-3.35,14.376
15,862,2,1.0346,-124.46,14.376
15,862,3,1.0361,116.02,14.376
15,844,1,1.0433,-3.39,14.376
15,844,2,1.0351,-124.49,14.376
15,844,3,1.0364,115.99,14.376
15,846,1,1.0436,-3.43,14.376
15,846,2,1.035,-124.54,14.376
15,846,3,1.0367,115.94,14.376
15,848,1,1.0436,-3.44,14.376
15,848,2,1.0351,-124.54,14.376
15,848,3,1.0367,115.93,14.376
15,852R,1,1.0486,-3.23,14.376
15,852R,2,1.0405,-124.26,14.376
15,852R,3,1.0414,116.26,14.376
15,888,1,1.0122,-4.73,2.402
15,888,2,1.0043,-125.8,2.402
15,888,3,1.0053,114.74,2.402
15,856,2,0.9921,-123.45,14.376
15,852,1,0.9699,-3.21,14.376
15,852,2,0.9624,-124.24,14.376
15,852,3,0.9632,116.27,14.376
15,864,1,1.0463,-3.29,14.376
15,838,2,1.0345,-124.46,14.376
15,890,1,0.9292,-5.28,2.402
15,890,2,0.9296,-126.83,2.402
15,890,3,0.9231,113.91,2.402
16,SOURCEBUS,1,1.05,30.0,39.837
16,SOURCEBUS,2,1.05,-90.0,39.837
16,SOURCEBUS,3,1.05,150.0,39.837
16,800,1,1.05,-0.0,14.376
16,800,2,1.05,-120.0,14.376
16,800,3,1.05,120.0,14.376
16,802,1,1.0474,-0.05,14.376
16,802,2,1.0484,-120.07,14.376
16,802,3,1.0484,119.95,14.376
16,806,1,1.0457,-0.09,14.376
16,806,2,1.0475,-120.11,14.376
16,806,3,1.0474,119.91,14.376
16,808,1,1.0135,-0.77,14.376
16,808,2,1.0299,-120.95,14.376
16,808,3,1.0287,119.3,14.376
16,810,2,1.0297,-120.96,14.376
16,812,1,0.9761,-1.62,14.376
16,812,2,1.0106,-121.93,14.376
16,812,3,1.0066,118.58,14.376
16,814,1,0.9464,-2.32,14.376
16,814,2,0.9953,-122.71,14.376
16,814,3,0.989,118.0,14.376
16,814R,1,1.029,-2.34,14.376
16,814R,2,1.02,-122.72,14.376
16,814R,3,1.0198,117.98,14.376
16,850,1,1.0289,-2.34,14.376
16,850,2,1.02,-122.73,14.376
16,850,3,1.0198,117.98,14.376
16,816,1,1.0286,-2.35,14.376
16,816,2,1.0198,-122.73,14.376
16,816,3,1.0195,117.98,14.376
16,818,1,1.0276,-2.35,14.376
16,824,1,1.0195,-2.46,14.376
16,824,2,1.0103,-122.96,14.376
16,824,3,1.0111,117.72,14.376
16,820,1,1.0042,-2.41,14.376
16,822,1,1.0012,-2.41,14.376
16,826,2,1.0101,-122.96,14.376
16,828,1,1.0188,-2.47,14.376
16,828,2,1.0096,-122.98,14.376
16,828,3,1.0104,117.7,14.376
16,830,1,1.001,-2.73,14.376
16,830,2,0.9927,-123.43,14.376
16,830,3,0.9933,117.2,14.376
16,854,1,1.0005,-2.74,14.376
16,854,2,0.9922,-123.44,14.376
16,854,3,0.9929,117.19,14.376
16,832,1,1.0486,-3.23,14.376
16,832,2,1.0405,-124.26,14.376
16,832,3,1.0413,116.26,14.376
16,858,1,1.0463,-3.29,14.376
16,858,2,1.0382,-124.35,14.376
16,858,3,1.0392,116.15,14.376
16,834,1,1.0436,-3.36,14.376
16,834,2,1.0354,-124.46,14.376
16,834,3,1.0366,116.02,14.376
16,860,1,1.0431,-3.35,14.376
16,860,2,1.035,-124.46,14.376
16,860,3,1.0363,116.02,14.376
16,842,1,1.0435,-3.36,14.376
16,842,2,1.0354,-124.47,14.376
16,842,3,1.0366,116.01,14.376
16,836,1,1.0429,-3.35,14.376
16,836,2,1.0347,-124.46,14.376
16,836,3,1.0361,116.02,14.376
16,840,1,1.0429,-3.35,14.376
16,840,2,1.0346,-124.46,14.376
16,840,3,1.0361,116.02,14.376
16,862,1,1.0429,-3.35,14.376
16,862,2,1.0346,-124.46,14.376
16,862,3,1.0361,116.02,14.376
16,844,1,1.0433,-3.39,14.376
16,844,2,1.0351,-124.49,14.376
16,844,3,1.0364,115.99,14.376
16,846,1,1.0436,-3.43,14.376
16,846,2,1.035,-124.54,14.376
16,846,3,1.0367,115.94,14.376
16,848,1,1.0436,-3.44,14.376
16,848,2,1.0351,-124.54,14.376
16,848,3,1.0367,115.93,14.376
16,852R,1,1.0486,-3.23,14.376
16,852R,2,1.0405,-124.26,14.376
16,852R,3,1.0414,116.26,14.376
16,888,1,1.0122,-4.73,2.402
16,888,2,1.0043,-125.8,2.402
16,888,3,1.0053,114.74,2.402
16,856,2,0.9921,-123.45,14.376
16,852,1,0.9699,-3.21,14.376
16,852,2,0.9624,-124.24,14.376
16,852,3,0.9632,116.27,14.376
16,864,1,1.0463,-3.29,14.376
16,838,2,1.0345,-124.46,14.376
16,890,1,0.9292,-5.28,2.402
16,890,2,0.9296,-126.83,2.402
16,890,3,0.9231,113.91,2.402
17,SOURCEBUS,1,1.05,30.0,39.837
17,SOURCEBUS,2,1.05,-90.0,39.837
17,SOURCEBUS,3,1.05,150.0,39.837
17,800,1,1.05,-0.0,14.376
17,800,2,1.05,-120.0,14.376
17,800,3,1.05,120.0,14.376
17,802,1,1.0474,-0.05,14.376
17,802,2,1.0484,-120.07,14.376
17,802,3,1.0484,119.95,14.376
17,806,1,1.0457,-0.09,14.376
17,806,2,1.0475,-120.11,14.376
17,806,3,1.0474,119.91,14.376
17,808,1,1.0135,-0.77,14.376
17,808,2,1.0299,-120.95,14.376
17,808,3,1.0287,119.3,14.376
17,810,2,1.0297,-120.96,14.376
17,812,1,0.9761,-1.62,14.376
17,812,2,1.0106,-121.93,14.376
17,812,3,1.0066,118.58,14.376
17,814,1,0.9464,-2.32,14.376
17,814,2,0.9953,-122.71,14.376
17,814,3,0.989,118.0,14.376
17,814R,1,1.029,-2.34,14.376
17,814R,2,1.02,-122.72,14.376
17,814R,3,1.0198,117.98,14.376
17,850,1,1.0289,-2.34,14.376
17,850,2,1.02,-122.73,14.376
17,850,3,1.0198,117.98,14.376
17,816,1,1.0286,-2.35,14.376
17,816,2,1.0198,-122.73,14.376
17,816,3,1.0195,117.98,14.376
17,818,1,1.0276,-2.35,14.376
17,824,1,1.0195,-2.46,14.376
17,824,2,1.0103,-122.96,14.376
17,824,3,1.0111,117.72,14.376
17,820,1,1.0042,-2.41,14.376
17,822,1,1.0012,-2.41,14.376
17,826,2,1.0101,-122.96,14.376
17,828,1,1.0188,-2.47,14.376
17,828,2,1.0096,-122.98,14.376
17,828,3,1.0104,117.7,14.376
17,830,1,1.001,-2.73,14.376
17,830,2,0.9927,-123.43,14.376
17,830,3,0.9933,117.2,14.376
17,854,1,1.0005,-2.74,14.376
17,854,2,0.9922,-123.44,14.376
17,854,3,0.9929,117.19,14.376
17,832,1,1.0486,-3.23,14.376
17,832,2,1.0405,-124.26,14.376
17,832,3,1.0413,116.26,14.376
17,858,1,1.0463,-3.29,14.376
17,858,2,1.0382,-124.35,14.376
17,858,3,1.0392,116.15,14.376
17,834,1,1.0436,-3.36,14.376
17,834,2,1.0354,-124.46,14.376
17,834,3,1.0366,116.02,14.376
17,860,1,1.0431,-3.35,14.376
17,860,2,1.035,-124.46,14.376
17,860,3,1.0363,116.02,14.376
17,842,1,1.0435,-3.36,14.376
17,842,2,1.0354,-124.47,14.376
17,842,3,1.0366,116.01,14.376
17,836,1,1.0429,-3.35,14.376
17,836,2,1.0347,-124.46,14.376
17,836,3,1.0361,116.02,14.376
17,840,1,1.0429,-3.35,14.376
17,840,2,1.0346,-124.46,14.376
17,840,3,1.0361,116.02,14.376
17,862,1,1.0429,-3.35,14.376
17,862,2,1.0346,-124.46,14.376
17,862,3,1.0361,116.02,14.376
17,844,1,1.0433,-3.39,14.376
17,844,2,1.0351,-124.49,14.376
17,844,3,1.0364,115.99,14.376
17,846,1,1.0436,-3.43,14.376
17,846,2,1.035,-124.54,14.376
17,846,3,1.0367,115.94,14.376
17,848,1,1.0436,-3.44,14.376
17,848,2,1.0351,-124.54,14.376
17,848,3,1.0367,115.93,14.376
17,852R,1,1.0486,-3.23,14.376
17,852R,2,1.0405,-124.26,14.376
17,852R,3,1.0414,116.26,14.376
17,888,1,1.0122,-4.73,2.402
17,888,2,1.0043,-125.8,2.402
17,888,3,1.0053,114.74,2.402
17,856,2,0.9921,-123.45,14.376
17,852,1,0.9699,-3.21,14.376
17,852,2,0.9624,-124.24,14.376
17,852,3,0.9632,116.27,14.376
17,864,1,1.0463,-3.29,14.376
17,838,2,1.0345,-124.46,14.376
17,890,1,0.9292,-5.28,2.402
17,890,2,0.9296,-126.83,2.402
17,890,3,0.9231,113.91,2.402
18,SOURCEBUS,1,1.05,30.0,39.837
18,SOURCEBUS,2,1.05,-90.0,39.837
18,SOURCEBUS,3,1.05,150.0,39.837
18,800,1,1.05,-0.0,14.376
18,800,2,1.05,-120.0,14.376
18,800,3,1.05,120.0,14.376
18,802,1,1.0474,-0.05,14.376
18,802,2,1.0484,-120.07,14.376
18,802,3,1.0484,119.95,14.376
18,806,1,1.0457,-0.09,14.376
18,806,2,1.0475,-120.11,14.376
18,806,3,1.0474,119.91,14.376
18,808,1,1.0135,-0.77,14.376
18,808,2,1.0299,-120.95,14.376
18,808,3,1.0287,119.3,14.376
18,810,2,1.0297,-120.96,14.376
18,812,1,0.9761,-1.62,14.376
18,812,2,1.0106,-121.93,14.376
18,812,3,1.0066,118.58,14.376
18,814,1,0.9464,-2.32,14.376
18,814,2,0.9953,-122.71,14.376
18,814,3,0.989,118.0,14.376
18,814R,1,1.029,-2.34,14.376
18,814R,2,1.02,-122.72,14.376
18,814R,3,1.0198,117.98,14.376
18,850,1,1.0289,-2.34,14.376
18,850,2,1.02,-122.73,14.376
18,850,3,1.0198,117.98,14.376
18,816,1,1.0286,-2.35,14.376
18,816,2,1.0198,-122.73,14.376
18,816,3,1.0195,117.98,14.376
18,818,1,1.0276,-2.35,14.376
18,824,1,1.0195,-2.46,14.376
18,824,2,1.0103,-122.96,14.376
18,824,3,1.0111,117.72,14.376
18,820,1,1.0042,-2.41,14.376
18,822,1,1.0012,-2.41,14.376
18,826,2,1.0101,-122.96,14.376
18,828,1,1.0188,-2.47,14.376
18,828,2,1.0096,-122.98,14.376
18,828,3,1.0104,117.7,14.376
18,830,1,1.001,-2.73,14.376
18,830,2,0.9927,-123.43,14.376
18,830,3,0.9933,117.2,14.376
18,854,1,1.0005,-2.74,14.376
18,854,2,0.9922,-123.44,14.376
18,854,3,0.9929,117.19,14.376
18,832,1,1.0486,-3.23,14.376
18,832,2,1.0405,-124.26,14.376
18,832,3,1.0413,116.26,14.376
18,858,1,1.0463,-3.29,14.376
18,858,2,1.0382,-124.35,14.376
18,858,3,1.0392,116.15,14.376
18,834,1,1.0436,-3.36,14.376
18,834,2,1.0354,-124.46,14.376
18,834,3,1.0366,116.02,14.376
18,860,1,1.0431,-3.35,14.376
18,860,2,1.035,-124.46,14.376
18,860,3,1.0363,116.02,14.376
18,842,1,1.0435,-3.36,14.376
18,842,2,1.0354,-124.47,14.376
18,842,3,1.0366,116.01,14.376
18,836,1,1.0429,-3.35,14.376
18,836,2,1.0347,-124.46,14.376
18,836,3,1.0361,116.02,14.376
18,840,1,1.0429,-3.35,14.376
18,840,2,1.0346,-124.46,14.376
18,840,3,1.0361,116.02,14.376
18,862,1,1.0429,-3.35,14.376
18,862,2,1.0346,-124.46,14.376
18,862,3,1.0361,116.02,14.376
18,844,1,1.0433,-3.39,14.376
18,844,2,1.0351,-124.49,14.376
18,844,3,1.0364,115.99,14.376
18,846,1,1.0436,-3.43,14.376
18,846,2,1.035,-124.54,14.376
18,846,3,1.0367,115.94,14.376
18,848,1,1.0436,-3.44,14.376
18,848,2,1.0351,-124.54,14.376
18,848,3,1.0367,115.93,14.376
18,852R,1,1.0486,-3.23,14.376
18,852R,2,1.0405,-124.26,14.376
18,852R,3,1.0414,116.26,14.376
18,888,1,1.0122,-4.73,2.402
18,888,2,1.0043,-125.8,2.402
18,888,3,1.0053,114.74,2.402
18,856,2,0.9921,-123.45,14.376
18,852,1,0.9699,-3.21,14.376
18,852,2,0.9624,-124.24,14.376
18,852,3,0.9632,116.27,14.376
18,864,1,1.0463,-3.29,14.376
18,838,2,1.0345,-124.46,14.376
18,890,1,0.9292,-5.28,2.402
18,890,2,0.9296,-126.83,2.402
18,890,3,0.9231,113.91,2.402
19,SOURCEBUS,1,1.05,30.0,39.837
19,SOURCEBUS,2,1.05,-90.0,39.837
19,SOURCEBUS,3,1.05,150.0,39.837
19,800,1,1.05,-0.0,14.376
19,800,2,1.05,-120.0,14.376
19,800,3,1.05,120.0,14.376
19,802,1,1.0474,-0.05,14.376
19,802,2,1.0484,-120.07,14.376
19,802,3,1.0484,119.95,14.376
19,806,1,1.0457,-0.09,14.376
19,806,2,1.0475,-120.11,14.376
19,806,3,1.0474,119.91,14.376
19,808,1,1.0135,-0.77,14.376
19,808,2,1.0299,-120.95,14.376
19,808,3,1.0287,119.3,14.376
19,810,2,1.0297,-120.96,14.376
19,812,1,0.9761,-1.62,14.376
19,812,2,1.0106,-121.93,14.376
19,812,3,1.0066,118.58,14.376
19,814,1,0.9464,-2.32,14.376
19,814,2,0.9953,-122.71,14.376
19,814,3,0.989,118.0,14.376
19,814R,1,1.029,-2.34,14.376
19,814R,2,1.02,-122.72,14.376
19,814R,3,1.0198,117.98,14.376
19,850,1,1.0289,-2.34,14.376
19,850,2,1.02,-122.73,14.376
19,850,3,1.0198,117.98,14.376
19,816,1,1.0286,-2.35,14.376
19,816,2,1.0198,-122.73,14.376
19,816,3,1.0195,117.98,14.376
19,818,1,1.0276,-2.35,14.376
19,824,1,1.0195,-2.46,14.376
19,824,2,1.0103,-122.96,14.376
19,824,3,1.0111,117.72,14.376
19,820,1,1.0042,-2.41,14.376
19,822,1,1.0012,-2.41,14.376
19,826,2,1.0101,-122.96,14.376
19,828,1,1.0188,-2.47,14.376
19,828,2,1.0096,-122.98,14.376
19,828,3,1.0104,117.7,14.376
19,830,1,1.001,-2.73,14.376
19,830,2,0.9927,-123.43,14.376
19,830,3,0.9933,117.2,14.376
19,854,1,1.0005,-2.74,14.376
19,854,2,0.9922,-123.44,14.376
19,854,3,0.9929,117.19,14.376
19,832,1,1.0486,-3.23,14.376
19,832,2,1.0405,-124.26,14.376
19,832,3,1.0413,116.26,14.376
19,858,1,1.0463,-3.29,14.376
19,858,2,1.0382,-124.35,14.376
19,858,3,1.0392,116.15,14.376
19,834,1,1.0436,-3.36,14.376
19,834,2,1.0354,-124.46,14.376
19,834,3,1.0366,116.02,14.376
19,860,1,1.0431,-3.35,14.376
19,860,2,1.035,-124.46,14.376
19,860,3,1.0363,116.02,14.376
19,842,1,1.0435,-3.36,14.376
19,842,2,1.0354,-124.47,14.376
19,842,3,1.0366,116.01,14.376
19,836,1,1.0429,-3.35,14.376
19,836,2,1.0347,-124.46,14.376
19,836,3,1.0361,116.02,14.376
19,840,1,1.0429,-3.35,14.376
19,840,2,1.0346,-124.46,14.376
19,840,3,1.0361,116.02,14.376
19,862,1,1.0429,-3.35,14.376
19,862,2,1.0346,-124.46,14.376
19,862,3,1.0361,116.02,14.376
19,844,1,1.0433,-3.39,14.376
19,844,2,1.0351,-124.49,14.376
19,844,3,1.0364,115.99,14.376
19,846,1,1.0436,-3.43,14.376
19,846,2,1.035,-124.54,14.376
19,846,3,1.0367,115.94,14.376
19,848,1,1.0436,-3.44,14.376
19,848,2,1.0351,-124.54,14.376
19,848,3,1.0367,115.93,14.376
19,852R,1,1.0486,-3.23,14.376
19,852R,2,1.0405,-124.26,14.376
19,852R,3,1.0414,116.26,14.376
19,888,1,1.0122,-4.73,2.402
19,888,2,1.0043,-125.8,2.402
19,888,3,1.0053,114.74,2.402
19,856,2,0.9921,-123.45,14.376
19,852,1,0.9699,-3.21,14.376
19,852,2,0.9624,-124.24,14.376
19,852,3,0.9632,116.27,14.376
19,864,1,1.0463,-3.29,14.376
19,838,2,1.0345,-124.46,14.376
19,890,1,0.9292,-5.28,2.402
19,890,2,0.9296,-126.83,2.402
19,890,3,0.9231,113.91,2.402
20,SOURCEBUS,1,1.05,30.0,39.837
20,SOURCEBUS,2,1.05,-90.0,39.837
20,SOURCEBUS,3,1.05,150.0,39.837
20,800,1,1.05,-0.0,14.376
20,800,2,1.05,-120.0,14.376
20,800,3,1.05,120.0,14.376
20,802,1,1.0474,-0.05,14.376
20,802,2,1.0484,-120.07,14.376
20,802,3,1.0484,119.95,14.376
20,806,1,1.0457,-0.09,14.376
20,806,2,1.0475,-120.11,14.376
20,806,3,1.0474,119.91,14.376
20,808,1,1.0135,-0.77,14.376
20,808,2,1.0299,-120.95,14.376
20,808,3,1.0287,119.3,14.376
20,810,2,1.0297,-120.96,14.376
20,812,1,0.9761,-1.62,14.376
20,812,2,1.0106,-121.93,14.376
20,812,3,1.0066,118.58,14.376
20,814,1,0.9464,-2.32,14.376
20,814,2,0.9953,-122.71,14.376
20,814,3,0.989,118.0,14.376
20,814R,1,1.029,-2.34,14.376
20,814R,2,1.02,-122.72,14.376
20,814R,3,1.0198,117.98,14.376
20,850,1,1.0289,-2.34,14.376
20,850,2,1.02,-122.73,14.376
20,850,3,1.0198,117.98,14.376
20,816,1,1.0286,-2.35,14.376
20,816,2,1.0198,-122.73,14.376
20,816,3,1.0195,117.98,14.376
20,818,1,1.0276,-2.35,14.376
20,824,1,1.0195,-2.46,14.376
20,824,2,1.0103,-122.96,14.376
20,824,3,1.0111,117.72,14.376
20,820,1,1.0042,-2.41,14.376
20,822,1,1.0012,-2.41,14.376
20,826,2,1.0101,-122.96,14.376
20,828,1,1.0188,-2.47,14.376
20,828,2,1.0096,-122.98,14.376
20,828,3,1.0104,117.7,14.376
20,830,1,1.001,-2.73,14.376
20,830,2,0.9927,-123.43,14.376
20,830,3,0.9933,117.2,14.376
20,854,1,1.0005,-2.74,14.376
20,854,2,0.9922,-123.44,14.376
20,854,3,0.9929,117.19,14.376
20,832,1,1.0486,-3.23,14.376
20,832,2,1.0405,-124.26,14.376
20,832,3,1.0413,116.26,14.376
20,858,1,1.0463,-3.29,14.376
20,858,2,1.0382,-124.35,14.376
20,858,3,1.0392,116.15,14.376
20,834,1,1.0436,-3.36,14.376
20,834,2,1.0354,-124.46,14.376
20,834,3,1.0366,116.02,14.376
20,860,1,1.0431,-3.35,14.376
20,860,2,1.035,-124.46,14.376
20,860,3,1.0363,116.02,14.376
20,842,1,1.0435,-3.36,14.376
20,842,2,1.0354,-124.47,14.376
20,842,3,1.0366,116.01,14.376
20,836,1,1.0429,-3.35,14.376
20,836,2,1.0347,-124.46,14.376
20,836,3,1.0361,116.02,14.376
20,840,1,1.0429,-3.35,14.376
20,840,2,1.0346,-124.46,14.376
20,840,3,1.0361,116.02,14.376
20,862,1,1.0429,-3.35,14.376
20,862,2,1.0346,-124.46,14.376
20,862,3,1.0361,116.02,14.376
20,844,1,1.0433,-3.39,14.376
20,844,2,1.0351,-124.49,14.376
20,844,3,1.0364,115.99,14.376
20,846,1,1.0436,-3.43,14.376
20,846,2,1.035,-124.54,14.376
20,846,3,1.0367,115.94,14.376
20,848,1,1.0436,-3.44,14.376
20,848,2,1.0351,-124.54,14.376
20,848,3,1.0367,115.93,14.376
20,852R,1,1.0486,-3.23,14.376
20,852R,2,1.0405,-124.26,14.376
20,852R,3,1.0414,116.26,14.376
20,888,1,1.0122,-4.73,2.402
20,888,2,1.0043,-125.8,2.402
20,888,3,1.0053,114.74,2.402
20,856,2,0.9921,-123.45,14.376
20,852,1,0.9699,-3.21,14.376
20,852,2,0.9624,-124.24,14.376
20,852,3,0.9632,116.27,14.376
20,864,1,1.0463,-3.29,14.376
20,838,2,1.0345,-124.46,14.376
20,890,1,0.9292,-5.28,2.402
20,890,2,0.9296,-126.83,2.402
20,890,3,0.9231,113.91,2.402
21,SOURCEBUS,1,1.05,30.0,39.837
21,SOURCEBUS,2,1.05,-90.0,39.837
21,SOURCEBUS,3,1.05,150.0,39.837
21,800,1,1.05,-0.0,14.376
21,800,2,1.05,-120.0,14.376
21,800,3,1.05,120.0,14.376
21,802,1,1.0474,-0.05,14.376
21,802,2,1.0484,-120.07,14.376
21,802,3,1.0484,119.95,14.376
21,806,1,1.0457,-0.09,14.376
21,806,2,1.0475,-120.11,14.376
21,806,3,1.0474,119.91,14.376
21,808,1,1.0135,-0.77,14.376
21,808,2,1.0299,-120.95,14.376
21,808,3,1.0287,119.3,14.376
21,810,2,1.0297,-120.96,14.376
21,812,1,0.9761,-1.62,14.376
21,812,2,1.0106,-121.93,14.376
21,812,3,1.0066,118.58,14.376
21,814,1,0.9464,-2.32,14.376
21,814,2,0.9953,-122.71,14.376
21,814,3,0.989,118.0,14.376
21,814R,1,1.029,-2.34,14.376
21,814R,2,1.02,-122.72,14.376
21,814R,3,1.0198,117.98,14.376
21,850,1,1.0289,-2.34,14.376
21,850,2,1.02,-122.73,14.376
21,850,3,1.0198,117.98,14.376
21,816,1,1.0286,-2.35,14.376
21,816,2,1.0198,-122.73,14.376
21,816,3,1.0195,117.98,14.376
21,818,1,1.0276,-2.35,14.376
21,824,1,1.0195,-2.46,14.376
21,824,2,1.0103,-122.96,14.376
21,824,3,1.0111,117.72,14.376
21,820,1,1.0042,-2.41,14.376
21,822,1,1.0012,-2.41,14.376
21,826,2,1.0101,-122.96,14.376
21,828,1,1.0188,-2.47,14.376
21,828,2,1.0096,-122.98,14.376
21,828,3,1.0104,117.7,14.376
21,830,1,1.001,-2.73,14.376
21,830,2,0.9927,-123.43,14.376
21,830,3,0.9933,117.2,14.376
21,854,1,1.0005,-2.74,14.376
21,854,2,0.9922,-123.44,14.376
21,854,3,0.9929,117.19,14.376
21,832,1,1.0486,-3.23,14.376
21,832,2,1.0405,-124.26,14.376
21,832,3,1.0413,116.26,14.376
21,858,1,1.0463,-3.29,14.376
21,858,2,1.0382,-124.35,14.376
21,858,3,1.0392,116.15,14.376
21,834,1,1.0436,-3.36,14.376
21,834,2,1.0354,-124.46,14.376
21,834,3,1.0366,116.02,14.376
21,860,1,1.0431,-3.35,14.376
21,860,2,1.035,-124.46,14.376
21,860,3,1.0363,116.02,14.376
21,842,1,1.0435,-3.36,14.376
21,842,2,1.0354,-124.47,14.376
21,842,3,1.0366,116.01,14.376
21,836,1,1.0429,-3.35,14.376
21,836,2,1.0347,-124.46,14.376
21,836,3,1.0361,116.02,14.376
21,840,1,1.0429,-3.35,14.376
21,840,2,1.0346,-124.46,14.376
21,840,3,1.0361,116.02,14.376
21,862,1,1.0429,-3.35,14.376
21,862,2,1.0346,-124.46,14.376
21,862,3,1.0361,116.02,14.376
21,844,1,1.0433,-3.39,14.376
21,844,2,1.0351,-124.49,14.376
21,844,3,1.0364,115.99,14.376
21,846,1,1.0436,-3.43,14.376
21,846,2,1.035,-124.54,14.376
21,846,3,1.0367,115.94,14.376
21,848,1,1.0436,-3.44,14.376
21,848,2,1.0351,-124.54,14.376
21,848,3,1.0367,115.93,14.376
21,852R,1,1.0486,-3.23,14.376
21,852R,2,1.0405,-124.26,14.376
21,852R,3,1.0414,116.26,14.376
21,888,1,1.0122,-4.73,2.402
21,888,2,1.0043,-125.8,2.402
21,888,3,1.0053,114.74,2.402
21,856,2,0.9921,-123.45,14.376
21,852,1,0.9699,-3.21,14.376
21,852,2,0.9624,-124.24,14.376
21,852,3,0.9632,116.27,14.376
21,864,1,1.0463,-3.29,14.376
21,838,2,1.0345,-124.46,14.376
21,890,1,0.9292,-5.28,2.402
21,890,2,0.9296,-126.83,2.402
21,890,3,0.9231,113.91,2.402
22,SOURCEBUS,1,1.05,30.0,39.837
22,SOURCEBUS,2,1.05,-90.0,39.837
22,SOURCEBUS,3,1.05,150.0,39.837
22,800,1,1.05,-0.0,14.376
22,800,2,1.05,-120.0,14.376
22,800,3,1.05,120.0,14.376
22,802,1,1.0474,-0.05,14.376
22,802,2,1.0484,-120.07,14.376
22,802,3,1.0484,119.95,14.376
22,806,1,1.0457,-0.09,14.376
22,806,2,1.0475,-120.11,14.376
22,806,3,1.0474,119.91,14.376
22,808,1,1.0135,-0.77,14.376
22,808,2,1.0299,-120.95,14.376
22,808,3,1.0287,119.3,14.376
22,810,2,1.0297,-120.96,14.376
22,812,1,0.9761,-1.62,14.376
22,812,2,1.0106,-121.93,14.376
22,812,3,1.0066,118.58,14.376
22,814,1,0.9464,-2.32,14.376
22,814,2,0.9953,-122.71,14.376
22,814,3,0.989,118.0,14.376
22,814R,1,1.029,-2.34,14.376
22,814R,2,1.02,-122.72,14.376
22,814R,3,1.0198,117.98,14.376
22,850,1,1.0289,-2.34,14.376
22,850,2,1.02,-122.73,14.376
22,850,3,1.0198,117.98,14.376
22,816,1,1.0286,-2.35,14.376
22,816,2,1.0198,-122.73,14.376
22,816,3,1.0195,117.98,14.376
22,818,1,1.0276,-2.35,14.376
22,824,1,1.0195,-2.46,14.376
22,824,2,1.0103,-122.96,14.376
22,824,3,1.0111,117.72,14.376
22,820,1,1.0042,-2.41,14.376
22,822,1,1.0012,-2.41,14.376
22,826,2,1.0101,-122.96,14.376
22,828,1,1.0188,-2.47,14.376
22,828,2,1.0096,-122.98,14.376
22,828,3,1.0104,117.7,14.376
22,830,1,1.001,-2.73,14.376
22,830,2,0.9927,-123.43,14.376
22,830,3,0.9933,117.2,14.376
22,854,1,1.0005,-2.74,14.376
22,854,2,0.9922,-123.44,14.376
22,854,3,0.9929,117.19,14.376
22,832,1,1.0486,-3.23,14.376
22,832,2,1.0405,-124.26,14.376
22,832,3,1.0413,116.26,14.376
22,858,1,1.0463,-3.29,14.376
22,858,2,1.0382,-124.35,14.376
22,858,3,1.0392,116.15,14.376
22,834,1,1.0436,-3.36,14.376
22,834,2,1.0354,-124.46,14.376
22,834,3,1.0366,116.02,14.376
22,860,1,1.0431,-3.35,14.376
22,860,2,1.035,-124.46,14.376
22,860,3,1.0363,116.02,14.376
22,842,1,1.0435,-3.36,14.376
22,842,2,1.0354,-124.47,14.376
22,842,3,1.0366,116.01,14.376
22,836,1,1.0429,-3.35,14.376
22,836,2,1.0347,-124.46,14.376
22,836,3,1.0361,116.02,14.376
22,840,1,1.0429,-3.35,14.376
22,840,2,1.0346,-124.46,14.376
22,840,3,1.0361,116.02,14.376
22,862,1,1.0429,-3.35,14.376
22,862,2,1.0346,-124.46,14.376
22,862,3,1.0361,116.02,14.376
22,844,1,1.0433,-3.39,14.376
22,844,2,1.0351,-124.49,14.376
22,844,3,1.0364,115.99,14.376
22,846,1,1.0436,-3.43,14.376
22,846,2,1.035,-124.54,14.376
22,846,3,1.0367,115.94,14.376
22,848,1,1.0436,-3.44,14.376
22,848,2,1.0351,-124.54,14.376
22,848,3,1.0367,115.93,14.376
22,852R,1,1.0486,-3.23,14.376
22,852R,2,1.0405,-124.26,14.376
22,852R,3,1.0414,116.26,14.376
22,888,1,1.0122,-4.73,2.402
22,888,2,1.0043,-125.8,2.402
22,888,3,1.0053,114.74,2.402
22,856,2,0.9921,-123.45,14.376
22,852,1,0.9699,-3.21,14.376
22,852,2,0.9624,-124.24,14.376
22,852,3,0.9632,116.27,14.376
22,864,1,1.0463,-3.29,14.376
22,838,2,1.0345,-124.46,14.376
22,890,1,0.9292,-5.28,2.402
22,890,2,0.9296,-126.83,2.402
22,890,3,0.9231,113.91,2.402
23,SOURCEBUS,1,1.05,30.0,39.837
23,SOURCEBUS,2,1.05,-90.0,39.837
23,SOURCEBUS,3,1.05,150.0,39.837
23,800,1,1.05,-0.0,14.376
23,800,2,1.05,-120.0,14.376
23,800,3,1.05,120.0,14.376
23,802,1,1.0474,-0.05,14.376
23,802,2,1.0484,-120.07,14.376
23,802,3,1.0484,119.95,14.376
23,806,1,1.0457,-0.09,14.376
23,806,2,1.0475,-120.11,14.376
23,806,3,1.0474,119.91,14.376
23,808,1,1.0135,-0.77,14.376
23,808,2,1.0299,-120.95,14.376
23,808,3,1.0287,119.3,14.376
23,810,2,1.0297,-120.96,14.376
23,812,1,0.9761,-1.62,14.376
23,812,2,1.0106,-121.93,14.376
23,812,3,1.0066,118.58,14.376
23,814,1,0.9464,-2.32,14.376
23,814,2,0.9953,-122.71,14.376
23,814,3,0.989,118.0,14.376
23,814R,1,1.029,-2.34,14.376
23,814R,2,1.02,-122.72,14.376
23,814R,3,1.0198,117.98,14.376
23,850,1,1.0289,-2.34,14.376
23,850,2,1.02,-122.73,14.376
23,850,3,1.0198,117.98,14.376
23,816,1,1.0286,-2.35,14.376
23,816,2,1.0198,-122.73,14.376
23,816,3,1.0195,117.98,14.376
23,818,1,1.0276,-2.35,14.376
23,824,1,1.0195,-2.46,14.376
23,824,2,1.0103,-122.96,14.376
23,824,3,1.0111,117.72,14.376
23,820,1,1.0042,-2.41,14.376
23,822,1,1.0012,-2.41,14.376
23,826,2,1.0101,-122.96,14.376
23,828,1,1.0188,-2.47,14.376
23,828,2,1.0096,-122.98,14.376
23,828,3,1.0104,117.7,14.376
23,830,1,1.001,-2.73,14.376
23,830,2,0.9927,-123.43,14.376
23,830,3,0.9933,117.2,14.376
23,854,1,1.0005,-2.74,14.376
23,854,2,0.9922,-123.44,14.376
23,854,3,0.9929,117.19,14.376
23,832,1,1.0486,-3.23,14.376
23,832,2,1.0405,-124.26,14.376
23,832,3,1.0413,116.26,14.376
23,858,1,1.0463,-3.29,14.376
23,858,2,1.0382,-124.35,14.376
23,858,3,1.0392,116.15,14.376
23,834,1,1.0436,-3.36,14.376
23,834,2,1.0354,-124.46,14.376
23,834,3,1.0366,116.02,14.376
23,860,1,1.0431,-3.35,14.376
23,860,2,1.035,-124.46,14.376
23,860,3,1.0363,116.02,14.376
23,842,1,1.0435,-3.36,14.376
23,842,2,1.0354,-124.47,14.376
23,842,3,1.0366,116.01,14.376
23,836,1,1.0429,-3.35,14.376
23,836,2,1.0347,-124.46,14.376
23,836,3,1.0361,116.02,14.376
23,840,1,1.0429,-3.35,14.376
23,840,2,1.0346,-124.46,14.376
23,840,3,1.0361,116.02,14.376
23,862,1,1.0429,-3.35,14.376
23,862,2,1.0346,-124.46,14.376
23,862,3,1.0361,116.02,14.376
23,844,1,1.0433,-3.39,14.376
23,844,2,1.0351,-124.49,14.376
23,844,3,1.0364,115.99,14.376
23,846,1,1.0436,-3.43,14.376
23,846,2,1.035,-124.54,14.376
23,846,3,1.0367,115.94,14.376
23,848,1,1.0436,-3.44,14.376
23,848,2,1.0351,-124.54,14.376
23,848,3,1.0367,115.93,14.376
23,852R,1,1.0486,-3.23,14.376
23,852R,2,1.0405,-124.26,14.376
23,852R,3,1.0414,116.26,14.376
23,888,1,1.0122,-4.73,2.402
23,888,2,1.0043,-125.8,2.402
23,888,3,1.0053,114.74,2.402
23,856,2,0.9921,-123.45,14.376
23,852,1,0.9699,-3.21,14.376
23,852,2,0.9624,-124.24,14.376
23,852,3,0.9632,116.27,14.376
23,864,1,1.0463,-3.29,14.376
23,838,2,1.0345,-124.46,14.376
23,890,1,0.9292,-5.28,2.402
23,890,2,0.9296,-126.83,2.402
23,890,3,0.9231,113.91,2.402
24,SOURCEBUS,1,1.05,30.0,39.837
24,SOURCEBUS,2,1.05,-90.0,39.837
24,SOURCEBUS,3,1.05,150.0,39.837
24,800,1,1.05,-0.0,14.376
24,800,2,1.05,-120.0,14.376
24,800,3,1.05,120.0,14.376
24,802,1,1.0474,-0.05,14.376
24,802,2,1.0484,-120.07,14.376
24,802,3,1.0484,119.95,14.376
24,806,1,1.0457,-0.09,14.376
24,806,2,1.0475,-120.11,14.376
24,806,3,1.0474,119.91,14.376
24,808,1,1.0135,-0.77,14.376
24,808,2,1.0299,-120.95,14.376
24,808,3,1.0287,119.3,14.376
24,810,2,1.0297,-120.96,14.376
24,812,1,0.9761,-1.62,14.376
24,812,2,1.0106,-121.93,14.376
24,812,3,1.0066,118.58,14.376
24,814,1,0.9464,-2.32,14.376
24,814,2,0.9953,-122.71,14.376
24,814,3,0.989,118.0,14.376
24,814R,1,1.029,-2.34,14.376
24,814R,2,1.02,-122.72,14.376
24,814R,3,1.0198,117.98,14.376
24,850,1,1.0289,-2.34,14.376
24,850,2,1.02,-122.73,14.376
24,850,3,1.0198,117.98,14.376
24,816,1,1.0286,-2.35,14.376
24,816,2,1.0198,-122.73,14.376
24,816,3,1.0195,117.98,14.376
24,818,1,1.0276,-2.35,14.376
24,824,1,1.0195,-2.46,14.376
24,824,2,1.0103,-122.96,14.376
24,824,3,1.0111,117.72,14.376
24,820,1,1.0042,-2.41,14.376
24,822,1,1.0012,-2.41,14.376
24,826,2,1.0101,-122.96,14.376
24,828,1,1.0188,-2.47,14.376
24,828,2,1.0096,-122.98,14.376
24,828,3,1.0104,117.7,14.376
24,830,1,1.001,-2.73,14.376
24,830,2,0.9927,-123.43,14.376
24,830,3,0.9933,117.2,14.376
24,854,1,1.0005,-2.74,14.376
24,854,2,0.9922,-123.44,14.376
24,854,3,0.9929,117.19,14.376
24,832,1,1.0486,-3.23,14.376
24,832,2,1.0405,-124.26,14.376
24,832,3,1.0413,116.26,14.376
24,858,1,1.0463,-3.29,14.376
24,858,2,1.0382,-124.35,14.376
24,858,3,1.0392,116.15,14.376
24,834,1,1.0436,-3.36,14.376
24,834,2,1.0354,-124.46,14.376
24,834,3,1.0366,116.02,14.376
24,860,1,1.0431,-3.35,14.376
24,860,2,1.035,-124.46,14.376
24,860,3,1.0363,116.02,14.376
24,842,1,1.0435,-3.36,14.376
24,842,2,1.0354,-124.47,14.376
24,842,3,1.0366,116.01,14.376
24,836,1,1.0429,-3.35,14.376
24,836,2,1.0347,-124.46,14.376
24,836,3,1.0361,116.02,14.376
24,840,1,1.0429,-3.35,14.376
24,840,2,1.0346,-124.46,14.376
24,840,3,1.0361,116.02,14.376
24,862,1,1.0429,-3.35,14.376
24,862,2,1.0346,-124.46,14.376
24,862,3,1.0361,116.02,14.376
24,844,1,1.0433,-3.39,14.376
24,844,2,1.0351,-124.49,14.376
24,844,3,1.0364,115.99,14.376
24,846,1,1.0436,-3.43,14.376
24,846,2,1.035,-124.54,14.376
24,846,3,1.0367,115.94,14.376
24,848,1,1.0436,-3.44,14.376
24,848,2,1.0351,-124.54,14.376
24,848,3,1.0367,115.93,14.376
24,852R,1,1.0486,-3.23,14.376
24,852R,2,1.0405,-124.26,14.376
24,852R,3,1.0414,116.26,14.376
24,888,1,1.0122,-4.73,2.402
24,888,2,1.0043,-125.8,2.402
24,888,3,1.0053,114.74,2.402
24,856,2,0.9921,-123.45,14.376
24,852,1,0.9699,-3.21,14.376
24,852,2,0.9624,-124.24,14.376
24,852,3,0.9632,116.27,14.376
24,864,1,1.0463,-3.29,14.376
24,838,2,1.0345,-124.46,14.376
24,890,1,0.9292,-5.28,2.402
24,890,2,0.9296,-126.83,2.402
24,890,3,0.9231,113.91,2.402
